login,link,followers,following,follow_ratio,public_repos,contributions,stars,total_size,user_feedback
brundage,https://github.com/brundage,15.0,27.0,0.5555555555555556,40.0,51.0,7.0,13545.0,0
kro,https://github.com/kro,52.0,33.0,1.5757575757575757,12.0,0.0,31.0,7272.0,0
jifka,https://github.com/jifka,7.0,2.0,3.5,3.0,0.0,1.0,166609.0,0
sepeth,https://github.com/sepeth,70.0,34.0,2.0588235294117645,49.0,129.0,52.0,441870.0,0
apascall,https://github.com/apascall,5.0,0.0,0.0,0.0,0.0,0.0,0.0,0
mikl2,https://github.com/mikl2,5.0,0.0,0.0,0.0,0.0,0.0,0.0,0
UsH-zz,https://github.com/UsH-zz,5.0,0.0,0.0,0.0,0.0,0.0,0.0,0
madpythonic,https://github.com/madpythonic,5.0,0.0,0.0,0.0,0.0,0.0,0.0,0
songoku119,https://github.com/songoku119,7.0,0.0,0.0,4.0,0.0,2.0,65028.0,0
smitaruba,https://github.com/smitaruba,5.0,0.0,0.0,0.0,0.0,0.0,0.0,0
abhijitbendale,https://github.com/abhijitbendale,47.0,1.0,47.0,11.0,1.0,285.0,565231.0,0
michaeluffer,https://github.com/michaeluffer,5.0,0.0,0.0,7.0,0.0,0.0,2432.0,0
jspaw,https://github.com/jspaw,5.0,0.0,0.0,3.0,0.0,3.0,312.0,0
ianloli,https://github.com/ianloli,5.0,0.0,0.0,1.0,0.0,1.0,3644.0,0
jjguzzardo,https://github.com/jjguzzardo,5.0,0.0,0.0,0.0,1.0,0.0,0.0,0
wolfib,https://github.com/wolfib,57.0,0.0,0.0,19.0,0.0,159.0,2622418.0,0
Timpte,https://github.com/Timpte,5.0,0.0,0.0,0.0,0.0,0.0,0.0,0
TouringPlans,https://github.com/TouringPlans,38.0,0.0,0.0,2.0,0.0,124.0,23961.0,0
frank107,https://github.com/frank107,5.0,0.0,0.0,0.0,0.0,0.0,0.0,0
fleipold,https://github.com/fleipold,27.0,14.0,1.9285714285714288,28.0,1.0,211.0,802689.0,0
BlairDuncan,https://github.com/BlairDuncan,6.0,1.0,6.0,1.0,0.0,0.0,39424.0,0
gitanat,https://github.com/gitanat,0.0,0.0,0.0,34.0,0.0,592.0,909110.0,0
redventures-oss,https://github.com/redventures-oss,19.0,8.0,2.375,5.0,0.0,4.0,5418.0,0
bobodod,https://github.com/bobodod,5.0,2.0,2.5,0.0,0.0,0.0,0.0,0
hkcreative,https://github.com/hkcreative,5.0,0.0,0.0,0.0,0.0,0.0,0.0,0
jpbvt,https://github.com/jpbvt,5.0,0.0,0.0,0.0,0.0,0.0,0.0,0
tanderegg,https://github.com/tanderegg,46.0,25.0,1.84,95.0,80.0,6.0,287430.0,0
apoorvatare,https://github.com/apoorvatare,5.0,0.0,0.0,1.0,0.0,1.0,92.0,0
guyoverfelt,https://github.com/guyoverfelt,5.0,0.0,0.0,0.0,0.0,0.0,0.0,0
shanzo,https://github.com/shanzo,5.0,0.0,0.0,1.0,0.0,1.0,1224.0,0
psmyth,https://github.com/psmyth,5.0,0.0,0.0,6.0,0.0,0.0,1342.0,0
4dreamtravel,https://github.com/4dreamtravel,6.0,0.0,0.0,0.0,0.0,0.0,0.0,0
vspader,https://github.com/vspader,5.0,0.0,0.0,1.0,0.0,0.0,205.0,0
abhisheksoni,https://github.com/abhisheksoni,6.0,5.0,1.2,6.0,0.0,0.0,97097.0,0
grishaeva,https://github.com/grishaeva,5.0,0.0,0.0,1.0,1.0,0.0,408960.0,0
michaelavila,https://github.com/michaelavila,77.0,97.0,0.7938144329896907,55.0,0.0,83.0,725482.0,0
Melnior,https://github.com/Melnior,5.0,0.0,0.0,0.0,0.0,0.0,0.0,0
watisdit,https://github.com/watisdit,5.0,0.0,0.0,1.0,0.0,1.0,4447.0,0
steveroam,https://github.com/steveroam,5.0,1.0,5.0,2.0,0.0,2.0,3329.0,0
markery,https://github.com/markery,5.0,0.0,0.0,0.0,0.0,0.0,0.0,0
happypoulp,https://github.com/happypoulp,116.0,5.0,23.2,20.0,6.0,3762.0,15210.0,0
creatives,https://github.com/creatives,5.0,0.0,0.0,1.0,0.0,1.0,48.0,0
theskabeater,https://github.com/theskabeater,15.0,2.0,7.5,27.0,18.0,3.0,920968.0,0
npickens,https://github.com/npickens,16.0,2.0,8.0,7.0,22.0,12.0,7597.0,0
dewback,https://github.com/dewback,24.0,23.0,1.0434782608695652,12.0,0.0,8.0,106090.0,0
pataterock,https://github.com/pataterock,5.0,0.0,0.0,0.0,0.0,0.0,0.0,0
vtokarev,https://github.com/vtokarev,5.0,0.0,0.0,1.0,0.0,1.0,26596.0,0
brunoneves,https://github.com/brunoneves,5.0,0.0,0.0,0.0,0.0,0.0,0.0,0
dododedodonl,https://github.com/dododedodonl,16.0,11.0,1.4545454545454546,42.0,385.0,4.0,949376.0,0
icarus1633,https://github.com/icarus1633,5.0,0.0,0.0,1.0,0.0,1.0,1016.0,0
Turelyo,https://github.com/Turelyo,8.0,0.0,0.0,1.0,19.0,0.0,119.0,0
soloeskuchalo,https://github.com/soloeskuchalo,5.0,0.0,0.0,1.0,0.0,1.0,385.0,0
nbarnes,https://github.com/nbarnes,13.0,1.0,13.0,49.0,1.0,9.0,6179.0,0
Mack1947,https://github.com/Mack1947,5.0,0.0,0.0,0.0,0.0,0.0,0.0,0
evanmcd,https://github.com/evanmcd,5.0,0.0,0.0,9.0,0.0,6.0,130344.0,0
aidliaTest,https://github.com/aidliaTest,5.0,0.0,0.0,0.0,0.0,0.0,0.0,0
kmwalke,https://github.com/kmwalke,9.0,2.0,4.5,15.0,159.0,8.0,285465.0,0
ericstoltz,https://github.com/ericstoltz,5.0,0.0,0.0,0.0,0.0,0.0,0.0,0
rmerriam,https://github.com/rmerriam,5.0,0.0,0.0,2.0,5.0,0.0,9.0,0
sberan,https://github.com/sberan,43.0,49.0,0.8775510204081632,64.0,916.0,79.0,280834.0,0
scottcsims,https://github.com/scottcsims,33.0,66.0,0.5,22.0,0.0,35.0,650638.0,0
craigts,https://github.com/craigts,11.0,1.0,11.0,11.0,820.0,0.0,18905.0,0
yatta,https://github.com/yatta,8.0,1.0,8.0,0.0,0.0,0.0,0.0,0
cwsherer11,https://github.com/cwsherer11,5.0,0.0,0.0,0.0,0.0,0.0,0.0,0
zhifeng,https://github.com/zhifeng,5.0,0.0,0.0,0.0,0.0,0.0,0.0,0
kennygadams,https://github.com/kennygadams,5.0,0.0,0.0,0.0,0.0,0.0,0.0,0
crazyg77,https://github.com/crazyg77,5.0,0.0,0.0,2.0,0.0,2.0,144.0,0
ihildebrandt,https://github.com/ihildebrandt,13.0,0.0,0.0,75.0,13.0,3.0,1058180.0,0
jasonisrael,https://github.com/jasonisrael,5.0,0.0,0.0,0.0,0.0,0.0,0.0,0
Oceloyotl,https://github.com/Oceloyotl,5.0,0.0,0.0,1.0,0.0,0.0,90.0,0
regmi,https://github.com/regmi,7.0,2.0,3.5,29.0,0.0,26.0,1252544.0,0
yumyai,https://github.com/yumyai,9.0,8.0,1.125,23.0,12.0,4.0,991919.0,0
metal3d,https://github.com/metal3d,185.0,5.0,37.0,154.0,363.0,1001.0,112601.0,0
goldenberg,https://github.com/goldenberg,23.0,8.0,2.875,14.0,20.0,15.0,409907.0,0
mhan,https://github.com/mhan,17.0,12.0,1.4166666666666667,31.0,0.0,10.0,920263.0,0
challinan,https://github.com/challinan,5.0,5.0,1.0,36.0,31.0,2.0,103784.0,0
akolechkin,https://github.com/akolechkin,9.0,3.0,3.0,16.0,0.0,12.0,31390.0,0
sabyg,https://github.com/sabyg,5.0,0.0,0.0,0.0,0.0,0.0,0.0,0
pbmakam,https://github.com/pbmakam,5.0,0.0,0.0,1.0,0.0,0.0,361.0,0
acoldone,https://github.com/acoldone,5.0,0.0,0.0,0.0,0.0,0.0,0.0,0
clayschick,https://github.com/clayschick,5.0,0.0,0.0,24.0,0.0,5.0,137702.0,0
aliamondano,https://github.com/aliamondano,5.0,0.0,0.0,0.0,0.0,0.0,0.0,0
ecairns,https://github.com/ecairns,8.0,0.0,0.0,6.0,0.0,0.0,12795.0,0
vpulim,https://github.com/vpulim,95.0,4.0,23.75,66.0,6.0,4.0,282193.0,0
itsbear,https://github.com/itsbear,5.0,0.0,0.0,0.0,0.0,0.0,0.0,0
umongousProjects,https://github.com/umongousProjects,9.0,0.0,0.0,10.0,0.0,2.0,50391.0,0
who90210,https://github.com/who90210,5.0,0.0,0.0,1.0,0.0,1.0,1086.0,0
ange,https://github.com/ange,5.0,0.0,0.0,0.0,0.0,0.0,0.0,0
fmaumus,https://github.com/fmaumus,5.0,0.0,0.0,0.0,0.0,0.0,0.0,0
recremd,https://github.com/recremd,5.0,0.0,0.0,0.0,0.0,0.0,0.0,0
TheLizard,https://github.com/TheLizard,6.0,0.0,0.0,6.0,7.0,0.0,1277797.0,0
scalala,https://github.com/scalala,20.0,1.0,20.0,1.0,0.0,299.0,27500.0,0
volte,https://github.com/volte,5.0,0.0,0.0,6.0,33.0,0.0,187114.0,0
philpeace,https://github.com/philpeace,5.0,1.0,5.0,16.0,0.0,6.0,66084.0,0
jeffgyoung,https://github.com/jeffgyoung,5.0,0.0,0.0,5.0,0.0,0.0,822366.0,0
joeweaver,https://github.com/joeweaver,16.0,8.0,2.0,33.0,44.0,4.0,2685303.0,0
bschaf,https://github.com/bschaf,11.0,8.0,1.375,3.0,0.0,0.0,5572.0,0
nhillhou,https://github.com/nhillhou,5.0,0.0,0.0,0.0,0.0,0.0,0.0,0
abderrahim,https://github.com/abderrahim,11.0,0.0,0.0,48.0,181.0,8.0,405796.0,0
kallisti5,https://github.com/kallisti5,105.0,4.0,26.25,207.0,174.0,53.0,2253814.0,0
makku,https://github.com/makku,3.0,0.0,0.0,0.0,0.0,0.0,0.0,0
ariw,https://github.com/ariw,3.0,0.0,0.0,0.0,0.0,0.0,0.0,0
philster34,https://github.com/philster34,3.0,0.0,0.0,0.0,0.0,0.0,0.0,0
eamorimoto,https://github.com/eamorimoto,5.0,0.0,0.0,2.0,0.0,2.0,124.0,0
crbrown,https://github.com/crbrown,4.0,0.0,0.0,0.0,0.0,0.0,0.0,0
wisnpaul,https://github.com/wisnpaul,3.0,0.0,0.0,0.0,0.0,0.0,0.0,0
johnboyd,https://github.com/johnboyd,7.0,5.0,1.4,4.0,0.0,3.0,223.0,0
trucklos,https://github.com/trucklos,5.0,5.0,1.0,13.0,166.0,0.0,1587038.0,0
nithinshivashankar,https://github.com/nithinshivashankar,2.0,0.0,0.0,0.0,0.0,0.0,0.0,0
nithins,https://github.com/nithins,16.0,2.0,8.0,21.0,1.0,15.0,1479952.0,0
CedricYao,https://github.com/CedricYao,14.0,0.0,0.0,38.0,9.0,7.0,302074.0,0
t-mart,https://github.com/t-mart,31.0,27.0,1.148148148148148,149.0,858.0,15.0,307328.0,0
uncscott,https://github.com/uncscott,3.0,0.0,0.0,3.0,0.0,1.0,30536.0,0
azare,https://github.com/azare,22.0,14.0,1.5714285714285714,54.0,5.0,14.0,296660.0,0
kbarnette,https://github.com/kbarnette,2.0,0.0,0.0,0.0,0.0,0.0,0.0,0
soscs,https://github.com/soscs,4.0,1.0,4.0,13.0,0.0,2.0,434155.0,0
unklegeorge,https://github.com/unklegeorge,4.0,1.0,4.0,3.0,0.0,8.0,621.0,0
sanjayuttam,https://github.com/sanjayuttam,6.0,1.0,6.0,8.0,0.0,4.0,52387.0,0
qzhuyan,https://github.com/qzhuyan,31.0,6.0,5.166666666666667,68.0,1198.0,6.0,345313.0,0
catchthecows,https://github.com/catchthecows,14.0,0.0,0.0,8.0,0.0,229.0,92453.0,0
rohitjenveja,https://github.com/rohitjenveja,2.0,0.0,0.0,7.0,0.0,0.0,59660.0,0
zhangkf,https://github.com/zhangkf,33.0,46.0,0.717391304347826,40.0,2.0,10.0,19044.0,0
gilsantana,https://github.com/gilsantana,4.0,0.0,0.0,1.0,0.0,2.0,2280.0,0
jzplusplus,https://github.com/jzplusplus,24.0,6.0,4.0,31.0,208.0,94.0,178569.0,0
Soaa-,https://github.com/Soaa-,8.0,1.0,8.0,12.0,0.0,95.0,282286.0,0
nevin,https://github.com/nevin,2.0,2.0,1.0,23.0,0.0,1.0,462644.0,0
twadzinski,https://github.com/twadzinski,2.0,0.0,0.0,3.0,0.0,0.0,12506.0,0
garrettwinder,https://github.com/garrettwinder,23.0,10.0,2.3,0.0,0.0,0.0,0.0,0
adamwride,https://github.com/adamwride,3.0,2.0,1.5,6.0,0.0,0.0,13340.0,0
tiggit,https://github.com/tiggit,2.0,0.0,0.0,0.0,0.0,0.0,0.0,0
arezaei,https://github.com/arezaei,2.0,0.0,0.0,0.0,0.0,0.0,0.0,0
mosenduyu,https://github.com/mosenduyu,2.0,0.0,0.0,0.0,0.0,0.0,0.0,0
sjarvela,https://github.com/sjarvela,12.0,0.0,0.0,3.0,0.0,120.0,32544.0,0
howitabout,https://github.com/howitabout,2.0,0.0,0.0,0.0,0.0,0.0,0.0,0
hiroyam,https://github.com/hiroyam,8.0,1.0,8.0,19.0,1.0,29.0,21803.0,0
hardikpatelit,https://github.com/hardikpatelit,3.0,0.0,0.0,0.0,0.0,0.0,0.0,0
themuniz,https://github.com/themuniz,5.0,1.0,5.0,9.0,136.0,0.0,3495.0,0
Wolfreeze,https://github.com/Wolfreeze,3.0,3.0,1.0,0.0,0.0,0.0,0.0,0
tramamte,https://github.com/tramamte,3.0,0.0,0.0,5.0,21.0,2.0,43218.0,0
minenotewebstaff,https://github.com/minenotewebstaff,3.0,0.0,0.0,2.0,0.0,2.0,137.0,0
criminy,https://github.com/criminy,5.0,2.0,2.5,13.0,0.0,29.0,10273.0,0
klivin,https://github.com/klivin,24.0,34.0,0.7058823529411765,20.0,147.0,1.0,272385.0,0
bablamoosh,https://github.com/bablamoosh,3.0,0.0,0.0,0.0,0.0,0.0,0.0,0
LiteralDean,https://github.com/LiteralDean,3.0,1.0,3.0,4.0,0.0,3.0,7150.0,0
nishanthkrishna,https://github.com/nishanthkrishna,3.0,0.0,0.0,4.0,0.0,1.0,744.0,0
ekuku,https://github.com/ekuku,3.0,0.0,0.0,0.0,0.0,0.0,0.0,0
multimixer,https://github.com/multimixer,3.0,0.0,0.0,3.0,0.0,1.0,21826.0,0
abelnation,https://github.com/abelnation,29.0,2.0,14.5,95.0,5.0,24.0,31141.0,0
jarednipper,https://github.com/jarednipper,9.0,0.0,0.0,2.0,3.0,0.0,35428.0,0
tim0-college,https://github.com/tim0-college,3.0,0.0,0.0,0.0,0.0,0.0,0.0,0
heretic-zz,https://github.com/heretic-zz,3.0,0.0,0.0,0.0,0.0,0.0,0.0,0
asimiqbal,https://github.com/asimiqbal,3.0,0.0,0.0,0.0,0.0,0.0,0.0,0
donatello,https://github.com/donatello,65.0,34.0,1.911764705882353,99.0,754.0,15.0,1036353.0,0
gnijgnaw,https://github.com/gnijgnaw,3.0,0.0,0.0,0.0,0.0,0.0,0.0,0
duketxl,https://github.com/duketxl,3.0,2.0,1.5,1.0,4.0,0.0,6889.0,0
mugssy,https://github.com/mugssy,3.0,0.0,0.0,0.0,0.0,0.0,0.0,0
verbalcalculus,https://github.com/verbalcalculus,3.0,0.0,0.0,0.0,0.0,0.0,0.0,0
MikeWalsh,https://github.com/MikeWalsh,3.0,1.0,3.0,7.0,1362.0,0.0,7709.0,0
ndhoward,https://github.com/ndhoward,3.0,0.0,0.0,1.0,0.0,6.0,7604.0,0
bentz,https://github.com/bentz,4.0,0.0,0.0,6.0,0.0,4.0,998727.0,0
robertluo,https://github.com/robertluo,34.0,35.0,0.9714285714285714,42.0,29.0,107.0,61244.0,0
ralpho,https://github.com/ralpho,3.0,0.0,0.0,0.0,0.0,0.0,0.0,0
zeesuresh,https://github.com/zeesuresh,3.0,0.0,0.0,1.0,0.0,0.0,20.0,0
zfghclient,https://github.com/zfghclient,4.0,0.0,0.0,0.0,0.0,0.0,0.0,0
geeman7444,https://github.com/geeman7444,3.0,0.0,0.0,0.0,0.0,0.0,0.0,0
BuFu,https://github.com/BuFu,3.0,0.0,0.0,0.0,0.0,0.0,0.0,0
nrazmehr,https://github.com/nrazmehr,3.0,0.0,0.0,0.0,0.0,0.0,0.0,0
giani09,https://github.com/giani09,4.0,5.0,0.8,3.0,0.0,1.0,4788.0,0
mujtar01,https://github.com/mujtar01,3.0,0.0,0.0,0.0,0.0,0.0,0.0,0
csakshaug,https://github.com/csakshaug,28.0,118.0,0.2372881355932203,0.0,2072.0,0.0,0.0,0
TkmdjVo,https://github.com/TkmdjVo,3.0,0.0,0.0,0.0,0.0,0.0,0.0,0
urashid,https://github.com/urashid,3.0,0.0,0.0,0.0,0.0,0.0,0.0,0
mrhezqhe,https://github.com/mrhezqhe,3.0,0.0,0.0,10.0,9.0,0.0,20447.0,0
zhuangxm,https://github.com/zhuangxm,19.0,15.0,1.2666666666666666,35.0,19.0,29.0,61833.0,0
v1ct0r,https://github.com/v1ct0r,5.0,1.0,5.0,15.0,0.0,0.0,168146.0,0
hide5stm,https://github.com/hide5stm,21.0,36.0,0.5833333333333334,179.0,299.0,1.0,443500.0,0
ccloveaa,https://github.com/ccloveaa,4.0,5.0,0.8,37.0,0.0,8.0,654131.0,0
trevorknowlt,https://github.com/trevorknowlt,3.0,0.0,0.0,0.0,0.0,0.0,0.0,0
anders-bogild,https://github.com/anders-bogild,3.0,0.0,0.0,2.0,0.0,0.0,1521.0,0
simonowen,https://github.com/simonowen,54.0,0.0,0.0,39.0,26.0,411.0,24770.0,0
bnaruto21,https://github.com/bnaruto21,3.0,0.0,0.0,0.0,0.0,0.0,0.0,0
ayee99,https://github.com/ayee99,3.0,0.0,0.0,0.0,0.0,0.0,0.0,0
hugosantosred,https://github.com/hugosantosred,34.0,15.0,2.2666666666666666,32.0,13.0,17.0,2578403.0,0
turjoseu,https://github.com/turjoseu,3.0,0.0,0.0,0.0,0.0,0.0,0.0,0
aheissenberger,https://github.com/aheissenberger,30.0,7.0,4.285714285714286,162.0,309.0,10.0,112769.0,0
esaltelli,https://github.com/esaltelli,3.0,0.0,0.0,1.0,0.0,0.0,487938.0,0
blendeguz,https://github.com/blendeguz,3.0,0.0,0.0,0.0,0.0,0.0,0.0,0
joonjoon,https://github.com/joonjoon,3.0,0.0,0.0,1.0,0.0,1.0,48.0,0
kosmology,https://github.com/kosmology,3.0,0.0,0.0,0.0,0.0,0.0,0.0,0
hinjk,https://github.com/hinjk,3.0,0.0,0.0,1.0,0.0,0.0,56.0,0
kontextbewusst,https://github.com/kontextbewusst,6.0,1.0,6.0,9.0,0.0,1.0,196459.0,0
miagi,https://github.com/miagi,3.0,0.0,0.0,0.0,0.0,0.0,0.0,0
molinard,https://github.com/molinard,3.0,0.0,0.0,7.0,0.0,0.0,37650.0,0
BeresD,https://github.com/BeresD,3.0,0.0,0.0,0.0,0.0,0.0,0.0,0
ChungMasterFlex,https://github.com/ChungMasterFlex,4.0,11.0,0.3636363636363636,9.0,0.0,4.0,418530.0,0
berowar,https://github.com/berowar,30.0,66.0,0.4545454545454545,6.0,284.0,2.0,2641.0,0
martinpitt,https://github.com/martinpitt,178.0,0.0,0.0,34.0,5294.0,342.0,979548.0,0
gunasekhar,https://github.com/gunasekhar,3.0,0.0,0.0,1.0,0.0,1.0,48.0,0
ndreas,https://github.com/ndreas,14.0,4.0,3.5,27.0,1727.0,6.0,1421039.0,0
sebastianroming,https://github.com/sebastianroming,88.0,203.0,0.4334975369458128,128.0,551.0,13.0,481581.0,0
rtwelfareclub,https://github.com/rtwelfareclub,3.0,0.0,0.0,0.0,0.0,0.0,0.0,0
kkaraujo,https://github.com/kkaraujo,3.0,0.0,0.0,0.0,0.0,0.0,0.0,0
eliagregorio,https://github.com/eliagregorio,3.0,0.0,0.0,0.0,0.0,0.0,0.0,0
cr8vhimanshu,https://github.com/cr8vhimanshu,4.0,1.0,4.0,1.0,0.0,0.0,0.0,0
doctorpartlow,https://github.com/doctorpartlow,9.0,6.0,1.5,5.0,6.0,52.0,130341.0,0
PhilipTransfeld,https://github.com/PhilipTransfeld,3.0,0.0,0.0,1.0,0.0,1.0,48.0,0
kfbishop,https://github.com/kfbishop,22.0,8.0,2.75,6.0,0.0,10.0,22233.0,0
projectone,https://github.com/projectone,3.0,0.0,0.0,0.0,0.0,0.0,0.0,0
x-sangeeth,https://github.com/x-sangeeth,4.0,1.0,4.0,24.0,0.0,0.0,5197720.0,0
shinwachi,https://github.com/shinwachi,4.0,2.0,2.0,29.0,0.0,9.0,222138.0,0
jarpiain,https://github.com/jarpiain,3.0,0.0,0.0,2.0,0.0,27.0,1260.0,0
steveruckdashel,https://github.com/steveruckdashel,7.0,5.0,1.4,60.0,8.0,1.0,1134727.0,0
lubyou,https://github.com/lubyou,3.0,2.0,1.5,15.0,2.0,0.0,316015.0,0
redvulps,https://github.com/redvulps,13.0,4.0,3.25,12.0,96.0,4.0,11082.0,0
humiaozuzu,https://github.com/humiaozuzu,698.0,76.0,9.18421052631579,28.0,2.0,15372.0,174174.0,0
Centechterry,https://github.com/Centechterry,3.0,0.0,0.0,0.0,0.0,0.0,0.0,0
Jeremyrlim,https://github.com/Jeremyrlim,3.0,0.0,0.0,0.0,0.0,0.0,0.0,0
dbdraper,https://github.com/dbdraper,3.0,1.0,3.0,2.0,0.0,2.0,2292.0,0
jamesbaggett,https://github.com/jamesbaggett,3.0,0.0,0.0,0.0,0.0,0.0,0.0,0
pabloacastillo,https://github.com/pabloacastillo,67.0,70.0,0.9571428571428572,13.0,4.0,36.0,2193151.0,0
p2program,https://github.com/p2program,3.0,0.0,0.0,0.0,0.0,0.0,0.0,0
Scruffy,https://github.com/Scruffy,3.0,0.0,0.0,0.0,0.0,0.0,0.0,0
stevewininger,https://github.com/stevewininger,3.0,0.0,0.0,2.0,0.0,2.0,23441.0,0
fat2002,https://github.com/fat2002,3.0,0.0,0.0,0.0,0.0,0.0,0.0,0
fathermojo,https://github.com/fathermojo,3.0,0.0,0.0,0.0,0.0,0.0,0.0,0
Lypheus,https://github.com/Lypheus,5.0,0.0,0.0,5.0,0.0,1.0,48372.0,0
ppanyukov,https://github.com/ppanyukov,14.0,3.0,4.666666666666667,61.0,0.0,15.0,3393801.0,0
petervd,https://github.com/petervd,4.0,3.0,1.3333333333333333,39.0,0.0,0.0,575743.0,0
givella76,https://github.com/givella76,3.0,0.0,0.0,0.0,0.0,0.0,0.0,0
donburks-zz,https://github.com/donburks-zz,3.0,0.0,0.0,0.0,0.0,0.0,0.0,0
Zaffar1975,https://github.com/Zaffar1975,3.0,0.0,0.0,6.0,0.0,0.0,487593.0,0
Qwark,https://github.com/Qwark,4.0,1.0,4.0,3.0,0.0,0.0,195451.0,0
amrwm,https://github.com/amrwm,3.0,0.0,0.0,0.0,0.0,0.0,0.0,0
brettschultz,https://github.com/brettschultz,3.0,0.0,0.0,0.0,0.0,0.0,0.0,0
vih,https://github.com/vih,2.0,0.0,0.0,91.0,0.0,11.0,925012.0,0
marvins,https://github.com/marvins,12.0,8.0,1.5,24.0,62.0,15.0,1529179.0,0
tanoc,https://github.com/tanoc,7.0,0.0,0.0,1.0,146.0,0.0,246.0,0
carzil,https://github.com/carzil,49.0,24.0,2.0416666666666665,19.0,840.0,46.0,37668.0,0
wilsonmar,https://github.com/wilsonmar,545.0,227.0,2.4008810572687223,456.0,1373.0,37.0,352094.0,0
mschlappa,https://github.com/mschlappa,0.0,0.0,0.0,6.0,0.0,13.0,662150.0,0
s0undt3ch,https://github.com/s0undt3ch,145.0,20.0,7.25,36.0,1445.0,8.0,945821.0,0
chunger,https://github.com/chunger,3.0,0.0,0.0,0.0,0.0,0.0,0.0,0
adotcheva,https://github.com/adotcheva,3.0,0.0,0.0,0.0,0.0,0.0,0.0,0
bunnykins,https://github.com/bunnykins,3.0,0.0,0.0,0.0,0.0,0.0,0.0,0
gmc74,https://github.com/gmc74,3.0,0.0,0.0,2.0,0.0,0.0,148.0,0
bprotas,https://github.com/bprotas,9.0,7.0,1.2857142857142858,36.0,0.0,4.0,512786.0,0
jamesstiff,https://github.com/jamesstiff,4.0,7.0,0.5714285714285714,3.0,243.0,0.0,2346.0,0
thatsmithere,https://github.com/thatsmithere,3.0,0.0,0.0,0.0,0.0,0.0,0.0,0
Altrius,https://github.com/Altrius,3.0,0.0,0.0,0.0,0.0,0.0,0.0,0
eisebs,https://github.com/eisebs,3.0,0.0,0.0,1.0,0.0,1.0,120.0,0
chanks,https://github.com/chanks,57.0,2.0,28.5,49.0,6.0,71.0,316772.0,0
ferentchak,https://github.com/ferentchak,18.0,15.0,1.2,23.0,0.0,7.0,1122292.0,0
bucketbrigade,https://github.com/bucketbrigade,3.0,0.0,0.0,0.0,0.0,0.0,0.0,0
rrader,https://github.com/rrader,46.0,27.0,1.7037037037037035,147.0,122.0,20.0,328110.0,0
iTExxx,https://github.com/iTExxx,3.0,0.0,0.0,0.0,0.0,0.0,0.0,0
raimundohamilton,https://github.com/raimundohamilton,3.0,0.0,0.0,0.0,0.0,0.0,0.0,0
heidner,https://github.com/heidner,3.0,0.0,0.0,0.0,0.0,0.0,0.0,0
sergeych,https://github.com/sergeych,33.0,1.0,33.0,44.0,59.0,64.0,35204.0,0
17chris,https://github.com/17chris,3.0,0.0,0.0,0.0,0.0,0.0,0.0,0
dy,https://github.com/dy,510.0,376.0,1.3563829787234043,155.0,1555.0,215.0,50511.0,0
echealth,https://github.com/echealth,3.0,0.0,0.0,0.0,0.0,0.0,0.0,0
freyandras,https://github.com/freyandras,3.0,0.0,0.0,0.0,0.0,0.0,0.0,0
jonshamir,https://github.com/jonshamir,11.0,5.0,2.2,30.0,1072.0,66.0,12687407.0,0
dorionc,https://github.com/dorionc,5.0,0.0,0.0,1.0,0.0,0.0,2.0,0
liweichang,https://github.com/liweichang,3.0,0.0,0.0,0.0,0.0,0.0,0.0,0
brooksw,https://github.com/brooksw,4.0,1.0,4.0,5.0,0.0,0.0,894.0,0
imdave4me,https://github.com/imdave4me,3.0,0.0,0.0,0.0,0.0,0.0,0.0,0
aduvvuri,https://github.com/aduvvuri,3.0,0.0,0.0,0.0,0.0,0.0,0.0,0
jgreywolf,https://github.com/jgreywolf,10.0,0.0,0.0,12.0,904.0,3.0,65655.0,0
gyokuro,https://github.com/gyokuro,3.0,0.0,0.0,8.0,0.0,2.0,46288.0,0
KlausHuber,https://github.com/KlausHuber,3.0,0.0,0.0,1.0,0.0,0.0,382.0,0
hapeshericus,https://github.com/hapeshericus,3.0,0.0,0.0,0.0,0.0,0.0,0.0,0
biggerbrain62,https://github.com/biggerbrain62,3.0,0.0,0.0,0.0,0.0,0.0,0.0,0
Eunjin,https://github.com/Eunjin,3.0,0.0,0.0,0.0,0.0,0.0,0.0,0
useti,https://github.com/useti,6.0,3.0,2.0,35.0,3.0,1.0,1796142.0,0
dsampy,https://github.com/dsampy,3.0,0.0,0.0,75.0,0.0,0.0,6015.0,0
szytko,https://github.com/szytko,11.0,1.0,11.0,37.0,18.0,0.0,177863.0,0
linyaDev,https://github.com/linyaDev,6.0,3.0,2.0,4.0,2.0,2.0,4513920.0,0
savrip,https://github.com/savrip,3.0,0.0,0.0,1.0,0.0,0.0,4802.0,0
JamesBiddinger,https://github.com/JamesBiddinger,3.0,0.0,0.0,0.0,0.0,0.0,0.0,0
ijohannessen,https://github.com/ijohannessen,3.0,0.0,0.0,2.0,0.0,1.0,4135.0,0
jamesl22,https://github.com/jamesl22,3.0,0.0,0.0,1.0,0.0,1.0,224.0,0
madgoat100,https://github.com/madgoat100,3.0,0.0,0.0,0.0,0.0,0.0,0.0,0
ansonkao,https://github.com/ansonkao,45.0,64.0,0.703125,37.0,402.0,16.0,634704.0,0
susanaperez,https://github.com/susanaperez,3.0,0.0,0.0,0.0,0.0,0.0,0.0,0
fzafarani,https://github.com/fzafarani,3.0,0.0,0.0,0.0,0.0,0.0,0.0,0
mathiasm,https://github.com/mathiasm,6.0,2.0,3.0,0.0,0.0,0.0,0.0,0
jeffmcnab,https://github.com/jeffmcnab,3.0,0.0,0.0,0.0,0.0,0.0,0.0,0
randyheydon,https://github.com/randyheydon,10.0,6.0,1.6666666666666667,16.0,1.0,17.0,192453.0,0
shin330,https://github.com/shin330,3.0,0.0,0.0,0.0,0.0,0.0,0.0,0
gangster2828,https://github.com/gangster2828,3.0,0.0,0.0,0.0,0.0,0.0,0.0,0
balmasi,https://github.com/balmasi,45.0,24.0,1.875,39.0,49.0,293.0,255488.0,0
kurferag,https://github.com/kurferag,3.0,0.0,0.0,0.0,0.0,0.0,0.0,0
joshbaltzell,https://github.com/joshbaltzell,3.0,1.0,3.0,1.0,0.0,0.0,1852.0,0
dizlexik,https://github.com/dizlexik,4.0,0.0,0.0,40.0,2.0,27.0,679359.0,0
aschmidt,https://github.com/aschmidt,3.0,0.0,0.0,0.0,0.0,0.0,0.0,0
help50,https://github.com/help50,3.0,0.0,0.0,0.0,0.0,0.0,0.0,0
faygo,https://github.com/faygo,3.0,0.0,0.0,0.0,0.0,0.0,0.0,0
amandassoaps,https://github.com/amandassoaps,3.0,0.0,0.0,0.0,0.0,0.0,0.0,0
josephshoop,https://github.com/josephshoop,8.0,0.0,0.0,3.0,1.0,0.0,214913.0,0
testgit1,https://github.com/testgit1,1.0,0.0,0.0,1.0,0.0,2.0,104.0,0
testgit2,https://github.com/testgit2,1.0,0.0,0.0,0.0,0.0,0.0,0.0,0
Claud,https://github.com/Claud,9.0,2.0,4.5,16.0,4.0,27.0,75533.0,0
gongns,https://github.com/gongns,1.0,0.0,0.0,0.0,0.0,0.0,0.0,0
jburfoot,https://github.com/jburfoot,1.0,0.0,0.0,0.0,0.0,0.0,0.0,0
pavithra-raman,https://github.com/pavithra-raman,1.0,0.0,0.0,0.0,0.0,0.0,0.0,0
spanishhighs,https://github.com/spanishhighs,1.0,0.0,0.0,1.0,0.0,0.0,0.0,0
oanaelenabarbu,https://github.com/oanaelenabarbu,1.0,0.0,0.0,0.0,0.0,0.0,0.0,0
inxtensis,https://github.com/inxtensis,1.0,0.0,0.0,0.0,0.0,0.0,0.0,0
wprog,https://github.com/wprog,1.0,0.0,0.0,2.0,0.0,2.0,324.0,0
NSGH01,https://github.com/NSGH01,2.0,0.0,0.0,0.0,0.0,0.0,0.0,0
loki666,https://github.com/loki666,21.0,1.0,21.0,14.0,273.0,13.0,1636443.0,0
auc,https://github.com/auc,1.0,0.0,0.0,1.0,0.0,1.0,48.0,0
miniyou,https://github.com/miniyou,5.0,5.0,1.0,4.0,3.0,0.0,16066.0,0
ciroma,https://github.com/ciroma,1.0,0.0,0.0,0.0,0.0,0.0,0.0,0
dabbsz2010,https://github.com/dabbsz2010,1.0,0.0,0.0,0.0,0.0,0.0,0.0,0
aritasimoes,https://github.com/aritasimoes,1.0,0.0,0.0,2.0,0.0,0.0,18654.0,0
vicondu,https://github.com/vicondu,1.0,0.0,0.0,0.0,0.0,0.0,0.0,0
ocurra,https://github.com/ocurra,1.0,0.0,0.0,1.0,0.0,1.0,48.0,0
hunsucker,https://github.com/hunsucker,1.0,0.0,0.0,0.0,0.0,0.0,0.0,0
purpleice,https://github.com/purpleice,1.0,0.0,0.0,0.0,0.0,0.0,0.0,0
moranium,https://github.com/moranium,1.0,0.0,0.0,0.0,0.0,0.0,0.0,0
eemelin,https://github.com/eemelin,2.0,0.0,0.0,5.0,0.0,1.0,713197.0,0
Vespertinus,https://github.com/Vespertinus,8.0,12.0,0.6666666666666666,7.0,2.0,0.0,671394.0,0
rustynailor,https://github.com/rustynailor,4.0,0.0,0.0,11.0,0.0,1.0,46451.0,0
ehssanh,https://github.com/ehssanh,5.0,3.0,1.6666666666666667,5.0,0.0,4.0,359034.0,0
morus,https://github.com/morus,2.0,0.0,0.0,1.0,0.0,2.0,782.0,0
zakgrindle,https://github.com/zakgrindle,1.0,0.0,0.0,0.0,0.0,0.0,0.0,0
andy2010,https://github.com/andy2010,1.0,0.0,0.0,0.0,0.0,0.0,0.0,0
GromNaN,https://github.com/GromNaN,209.0,119.0,1.7563025210084031,242.0,1737.0,71.0,2011903.0,0
acsr,https://github.com/acsr,18.0,33.0,0.5454545454545454,39.0,32.0,3.0,301363.0,0
sigus,https://github.com/sigus,6.0,3.0,2.0,4.0,7.0,1.0,1623158.0,0
oldemor999,https://github.com/oldemor999,1.0,0.0,0.0,0.0,0.0,0.0,0.0,0
LORFEUVRE,https://github.com/LORFEUVRE,1.0,0.0,0.0,0.0,0.0,0.0,0.0,0
TeamSchneider,https://github.com/TeamSchneider,1.0,0.0,0.0,0.0,0.0,0.0,0.0,0
NSky,https://github.com/NSky,3.0,0.0,0.0,2.0,0.0,7.0,101268.0,0
ianckc,https://github.com/ianckc,20.0,1.0,20.0,28.0,47.0,141.0,33714.0,0
actiondocta,https://github.com/actiondocta,1.0,0.0,0.0,0.0,0.0,0.0,0.0,0
bobbypify,https://github.com/bobbypify,1.0,0.0,0.0,0.0,0.0,0.0,0.0,0
murcielagor-gt,https://github.com/murcielagor-gt,1.0,0.0,0.0,0.0,0.0,0.0,0.0,0
indrajeet11111,https://github.com/indrajeet11111,1.0,0.0,0.0,0.0,0.0,0.0,0.0,0
Pithikos,https://github.com/Pithikos,167.0,4.0,41.75,47.0,1203.0,2268.0,169470.0,0
nglaura,https://github.com/nglaura,1.0,0.0,0.0,5.0,0.0,2.0,3277.0,0
jonlidgard,https://github.com/jonlidgard,11.0,0.0,0.0,35.0,18.0,32.0,535915.0,0
Rainlin,https://github.com/Rainlin,1.0,0.0,0.0,0.0,0.0,0.0,0.0,0
lehwa,https://github.com/lehwa,1.0,0.0,0.0,0.0,0.0,0.0,0.0,0
1874asdf,https://github.com/1874asdf,1.0,0.0,0.0,0.0,0.0,0.0,0.0,0
nhatnam,https://github.com/nhatnam,1.0,0.0,0.0,1.0,0.0,1.0,48.0,0
rAkniL,https://github.com/rAkniL,1.0,1.0,1.0,0.0,0.0,0.0,0.0,0
jianjye,https://github.com/jianjye,11.0,3.0,3.6666666666666665,18.0,16.0,27.0,180787.0,0
Stevenchen,https://github.com/Stevenchen,1.0,0.0,0.0,0.0,0.0,0.0,0.0,0
destic,https://github.com/destic,1.0,0.0,0.0,1.0,0.0,0.0,121.0,0
mfholdfield,https://github.com/mfholdfield,1.0,0.0,0.0,0.0,0.0,0.0,0.0,0
shinlaimo,https://github.com/shinlaimo,1.0,0.0,0.0,0.0,0.0,0.0,0.0,0
hdd,https://github.com/hdd,54.0,18.0,3.0,33.0,41.0,66.0,146250.0,0
sclausen-xx,https://github.com/sclausen-xx,1.0,0.0,0.0,0.0,0.0,0.0,0.0,0
jackben,https://github.com/jackben,1.0,0.0,0.0,0.0,0.0,0.0,0.0,0
ASosnin,https://github.com/ASosnin,1.0,0.0,0.0,36.0,0.0,0.0,84229.0,0
orfah,https://github.com/orfah,3.0,1.0,3.0,23.0,0.0,0.0,207979.0,0
chaas08,https://github.com/chaas08,1.0,0.0,0.0,0.0,0.0,0.0,0.0,0
teemitzitrone,https://github.com/teemitzitrone,9.0,11.0,0.8181818181818182,5.0,0.0,0.0,230703.0,0
Usman-Gosign,https://github.com/Usman-Gosign,1.0,0.0,0.0,0.0,0.0,0.0,0.0,0
ekarious,https://github.com/ekarious,21.0,19.0,1.105263157894737,17.0,629.0,5.0,76018.0,0
jandheedene,https://github.com/jandheedene,2.0,0.0,0.0,0.0,0.0,0.0,0.0,0
peteRogers,https://github.com/peteRogers,6.0,8.0,0.75,69.0,106.0,8.0,150909.0,0
pradeepmishra,https://github.com/pradeepmishra,1.0,0.0,0.0,1.0,0.0,0.0,10699.0,0
mattford63,https://github.com/mattford63,9.0,0.0,0.0,16.0,71.0,0.0,92978.0,0
castaine,https://github.com/castaine,1.0,0.0,0.0,0.0,0.0,0.0,0.0,0
ivanespinchiloeches,https://github.com/ivanespinchiloeches,1.0,0.0,0.0,10.0,16.0,0.0,18531.0,0
nasib,https://github.com/nasib,1.0,1.0,1.0,2.0,0.0,2.0,659.0,0
pclinx,https://github.com/pclinx,1.0,0.0,0.0,1.0,0.0,0.0,6.0,0
nouveau-rubynho,https://github.com/nouveau-rubynho,2.0,2.0,1.0,7.0,0.0,0.0,115.0,0
supereinstain,https://github.com/supereinstain,1.0,0.0,0.0,0.0,0.0,0.0,0.0,0
jollerbarn,https://github.com/jollerbarn,1.0,0.0,0.0,0.0,0.0,0.0,0.0,0
diavola,https://github.com/diavola,1.0,0.0,0.0,0.0,0.0,0.0,0.0,0
raphail,https://github.com/raphail,1.0,0.0,0.0,0.0,0.0,0.0,0.0,0
b-spoked,https://github.com/b-spoked,1.0,0.0,0.0,5.0,0.0,6.0,80856.0,0
stuartgiles,https://github.com/stuartgiles,1.0,4.0,0.25,3.0,0.0,0.0,2739.0,0
brunoripa,https://github.com/brunoripa,18.0,5.0,3.6,19.0,715.0,26.0,51164.0,0
milenko1,https://github.com/milenko1,1.0,0.0,0.0,0.0,0.0,0.0,0.0,0
jayyen,https://github.com/jayyen,1.0,0.0,0.0,1.0,6.0,0.0,13.0,0
tom3q,https://github.com/tom3q,198.0,10.0,19.8,40.0,5.0,208.0,3618010.0,0
PhilETaylor,https://github.com/PhilETaylor,62.0,0.0,0.0,79.0,2274.0,9.0,267255.0,0
kennygood,https://github.com/kennygood,1.0,1.0,1.0,0.0,0.0,0.0,0.0,0
ksadmin,https://github.com/ksadmin,1.0,0.0,0.0,0.0,0.0,0.0,0.0,0
gunterze,https://github.com/gunterze,124.0,0.0,0.0,10.0,468.0,43.0,162738.0,0
ikonstant,https://github.com/ikonstant,1.0,0.0,0.0,0.0,0.0,0.0,0.0,0
esdaniel,https://github.com/esdaniel,32.0,87.0,0.367816091954023,2.0,0.0,0.0,553.0,0
barcino,https://github.com/barcino,1.0,0.0,0.0,0.0,0.0,0.0,0.0,0
jamesco,https://github.com/jamesco,5.0,4.0,1.25,4.0,30.0,0.0,7860.0,0
AdamDempsey,https://github.com/AdamDempsey,10.0,51.0,0.196078431372549,2.0,0.0,4.0,69907.0,0
comuelle,https://github.com/comuelle,1.0,0.0,0.0,0.0,0.0,0.0,0.0,0
FranciscoRatb,https://github.com/FranciscoRatb,1.0,0.0,0.0,0.0,0.0,0.0,0.0,0
doppelreim,https://github.com/doppelreim,3.0,0.0,0.0,3.0,0.0,0.0,1311.0,0
flurple,https://github.com/flurple,1.0,0.0,0.0,0.0,0.0,0.0,0.0,0
kephale,https://github.com/kephale,92.0,44.0,2.090909090909091,194.0,2249.0,21.0,419119.0,0
winfar,https://github.com/winfar,1.0,3.0,0.3333333333333333,3.0,0.0,2.0,32968.0,0
katna,https://github.com/katna,1.0,0.0,0.0,0.0,0.0,0.0,0.0,0
kokice,https://github.com/kokice,1.0,0.0,0.0,0.0,0.0,0.0,0.0,0
jfabiano,https://github.com/jfabiano,3.0,6.0,0.5,4.0,1.0,1.0,105457.0,0
cung,https://github.com/cung,2.0,0.0,0.0,1.0,0.0,1.0,48.0,0
mesritarne,https://github.com/mesritarne,2.0,0.0,0.0,0.0,0.0,0.0,0.0,0
itreptogyp,https://github.com/itreptogyp,2.0,0.0,0.0,0.0,0.0,0.0,0.0,0
AndrewBarrettCa,https://github.com/AndrewBarrettCa,3.0,3.0,1.0,3.0,0.0,0.0,4.0,0
resmond,https://github.com/resmond,2.0,1.0,2.0,7.0,0.0,1.0,106061.0,0
quotesw,https://github.com/quotesw,2.0,0.0,0.0,8.0,0.0,3.0,13309.0,0
Applehoo,https://github.com/Applehoo,2.0,0.0,0.0,0.0,0.0,0.0,0.0,0
monssef2010,https://github.com/monssef2010,2.0,0.0,0.0,1.0,0.0,0.0,48.0,0
king-messaui,https://github.com/king-messaui,2.0,0.0,0.0,0.0,0.0,0.0,0.0,0
game63,https://github.com/game63,2.0,0.0,0.0,0.0,0.0,0.0,0.0,0
Ond,https://github.com/Ond,4.0,0.0,0.0,0.0,0.0,0.0,0.0,0
mrhillz,https://github.com/mrhillz,,,,,,,,0
michaelkanis,https://github.com/michaelkanis,15.0,20.0,0.75,16.0,0.0,17.0,176254.0,0
tenglin,https://github.com/tenglin,2.0,0.0,0.0,3.0,0.0,0.0,124.0,0
Jeonghyun,https://github.com/Jeonghyun,2.0,0.0,0.0,1.0,0.0,1.0,48.0,0
newslytics,https://github.com/newslytics,3.0,0.0,0.0,0.0,0.0,0.0,0.0,0
SharePerson,https://github.com/SharePerson,2.0,0.0,0.0,11.0,0.0,2.0,34311.0,0
ohadg,https://github.com/ohadg,2.0,0.0,0.0,1.0,0.0,1.0,48.0,0
Saneke,https://github.com/Saneke,2.0,0.0,0.0,0.0,1.0,0.0,0.0,0
bjornar,https://github.com/bjornar,2.0,0.0,0.0,0.0,0.0,0.0,0.0,0
v-garcia,https://github.com/v-garcia,6.0,1.0,6.0,22.0,4.0,14.0,15470.0,0
Nanard,https://github.com/Nanard,2.0,1.0,2.0,22.0,1.0,0.0,172802.0,0
mackuz,https://github.com/mackuz,2.0,2.0,1.0,1.0,0.0,0.0,326.0,0
toerist,https://github.com/toerist,2.0,0.0,0.0,0.0,0.0,0.0,0.0,0
Manlai,https://github.com/Manlai,2.0,0.0,0.0,0.0,0.0,0.0,0.0,0
Weti-Plaza,https://github.com/Weti-Plaza,2.0,0.0,0.0,0.0,0.0,0.0,0.0,0
brandonfro,https://github.com/brandonfro,3.0,1.0,3.0,2.0,20.0,0.0,0.0,0
rsathish29,https://github.com/rsathish29,3.0,3.0,1.0,2.0,6.0,0.0,9956.0,0
race2fly,https://github.com/race2fly,2.0,0.0,0.0,12.0,0.0,0.0,389568.0,0
lovez9,https://github.com/lovez9,2.0,0.0,0.0,0.0,0.0,0.0,0.0,0
jaykang,https://github.com/jaykang,2.0,0.0,0.0,0.0,0.0,0.0,0.0,0
Johannesb,https://github.com/Johannesb,4.0,0.0,0.0,2.0,0.0,0.0,542.0,0
leev,https://github.com/leev,35.0,3.0,11.666666666666666,5.0,2.0,985.0,13093.0,0
Shugyousha,https://github.com/Shugyousha,15.0,1.0,15.0,41.0,29.0,13.0,1279230.0,0
colourtvset,https://github.com/colourtvset,3.0,2.0,1.5,2.0,0.0,0.0,2352.0,0
mstssk,https://github.com/mstssk,47.0,24.0,1.9583333333333333,88.0,1166.0,7.0,303283.0,0
dmitry-kabanov,https://github.com/dmitry-kabanov,35.0,9.0,3.888888888888889,98.0,1334.0,5.0,703855.0,0
paunin,https://github.com/paunin,87.0,31.0,2.806451612903226,32.0,241.0,1313.0,23075.0,0
artiche,https://github.com/artiche,2.0,0.0,0.0,9.0,1.0,1.0,46598.0,0
hoborg1,https://github.com/hoborg1,2.0,0.0,0.0,2.0,0.0,2.0,3736.0,0
stuartluscombe,https://github.com/stuartluscombe,2.0,1.0,2.0,4.0,0.0,0.0,1473.0,0
einza,https://github.com/einza,2.0,1.0,2.0,0.0,0.0,0.0,0.0,0
zhainchen,https://github.com/zhainchen,2.0,0.0,0.0,0.0,0.0,0.0,0.0,0
johny989,https://github.com/johny989,2.0,0.0,0.0,0.0,0.0,0.0,0.0,0
fellan,https://github.com/fellan,2.0,0.0,0.0,0.0,0.0,0.0,0.0,0
CloudAppers,https://github.com/CloudAppers,2.0,0.0,0.0,0.0,0.0,0.0,0.0,0
leokassio,https://github.com/leokassio,10.0,6.0,1.6666666666666667,9.0,76.0,19.0,190251.0,0
burakashik,https://github.com/burakashik,2.0,0.0,0.0,0.0,0.0,0.0,0.0,0
snvv,https://github.com/snvv,2.0,0.0,0.0,3.0,12.0,0.0,0.0,0
cassanovafrankenstein,https://github.com/cassanovafrankenstein,2.0,0.0,0.0,0.0,0.0,0.0,0.0,0
asprin,https://github.com/asprin,3.0,0.0,0.0,1.0,0.0,1.0,48.0,0
olibonsai,https://github.com/olibonsai,2.0,0.0,0.0,1.0,0.0,0.0,274.0,0
semalt,https://github.com/semalt,4.0,1.0,4.0,0.0,0.0,0.0,0.0,0
adriandcross,https://github.com/adriandcross,2.0,0.0,0.0,0.0,0.0,0.0,0.0,0
sistemcoktu,https://github.com/sistemcoktu,3.0,3.0,1.0,5.0,0.0,1.0,1301.0,0
mcdevitt2,https://github.com/mcdevitt2,2.0,0.0,0.0,1.0,0.0,1.0,48.0,0
timxicbducre,https://github.com/timxicbducre,2.0,0.0,0.0,0.0,0.0,0.0,0.0,0
shininglion,https://github.com/shininglion,10.0,0.0,0.0,9.0,0.0,49.0,3434.0,0
bertBruynooghe,https://github.com/bertBruynooghe,3.0,6.0,0.5,31.0,2.0,13.0,356801.0,0
fireant,https://github.com/fireant,10.0,7.0,1.4285714285714286,45.0,1.0,33.0,736611.0,0
szjhtz,https://github.com/szjhtz,2.0,5.0,0.4,166.0,31.0,1.0,588440.0,0
winsonchai2009,https://github.com/winsonchai2009,2.0,0.0,0.0,0.0,0.0,0.0,0.0,0
NaveenP,https://github.com/NaveenP,2.0,0.0,0.0,0.0,0.0,0.0,0.0,0
lioprineser,https://github.com/lioprineser,2.0,0.0,0.0,0.0,0.0,0.0,0.0,0
ildalina,https://github.com/ildalina,2.0,0.0,0.0,0.0,0.0,0.0,0.0,0
andygads,https://github.com/andygads,2.0,0.0,0.0,1.0,0.0,1.0,48.0,0
diclonius89,https://github.com/diclonius89,2.0,0.0,0.0,0.0,0.0,0.0,0.0,0
izotovladimir,https://github.com/izotovladimir,2.0,0.0,0.0,0.0,0.0,0.0,0.0,0
jesusgil,https://github.com/jesusgil,2.0,0.0,0.0,0.0,0.0,0.0,0.0,0
msk-nightingale,https://github.com/msk-nightingale,2.0,0.0,0.0,3.0,0.0,0.0,256.0,0
dickoa,https://github.com/dickoa,151.0,51.0,2.9607843137254903,143.0,17.0,9.0,589930.0,0
charparoni,https://github.com/charparoni,2.0,0.0,0.0,0.0,0.0,0.0,0.0,0
peigen,https://github.com/peigen,15.0,31.0,0.4838709677419355,12.0,0.0,4.0,48750.0,0
riahehosi,https://github.com/riahehosi,2.0,0.0,0.0,0.0,0.0,0.0,0.0,0
tankista,https://github.com/tankista,14.0,12.0,1.1666666666666667,15.0,567.0,33.0,153495.0,0
tiecalhehops,https://github.com/tiecalhehops,2.0,0.0,0.0,0.0,0.0,0.0,0.0,0
harsouturi,https://github.com/harsouturi,2.0,0.0,0.0,0.0,0.0,0.0,0.0,0
newsmyduckgi,https://github.com/newsmyduckgi,2.0,0.0,0.0,0.0,0.0,0.0,0.0,0
Makeshet,https://github.com/Makeshet,2.0,0.0,0.0,1.0,0.0,0.0,0.0,0
aplactuan,https://github.com/aplactuan,2.0,0.0,0.0,27.0,5.0,4.0,51111.0,0
whitejinx,https://github.com/whitejinx,2.0,0.0,0.0,0.0,0.0,0.0,0.0,0
nobodypb,https://github.com/nobodypb,6.0,9.0,0.6666666666666666,28.0,0.0,4.0,1293113.0,0
abetbofca,https://github.com/abetbofca,2.0,0.0,0.0,0.0,0.0,0.0,0.0,0
mumuxinfei,https://github.com/mumuxinfei,2.0,0.0,0.0,0.0,0.0,0.0,0.0,0
plasunpepwind,https://github.com/plasunpepwind,2.0,0.0,0.0,0.0,0.0,0.0,0.0,0
blaxjax,https://github.com/blaxjax,2.0,0.0,0.0,0.0,0.0,0.0,0.0,0
asez73,https://github.com/asez73,11.0,20.0,0.55,70.0,0.0,2.0,1719886.0,0
aharonp,https://github.com/aharonp,0.0,0.0,0.0,13.0,0.0,0.0,878167.0,0
peterb130,https://github.com/peterb130,2.0,0.0,0.0,0.0,0.0,0.0,0.0,0
nomisum,https://github.com/nomisum,12.0,17.0,0.7058823529411765,29.0,569.0,1.0,989629.0,0
bioparco,https://github.com/bioparco,3.0,0.0,0.0,0.0,0.0,0.0,0.0,0
lovepanda64,https://github.com/lovepanda64,2.0,0.0,0.0,0.0,0.0,0.0,0.0,0
iwane021,https://github.com/iwane021,18.0,51.0,0.3529411764705882,159.0,23.0,6.0,361915.0,0
muvetesack,https://github.com/muvetesack,2.0,0.0,0.0,0.0,0.0,0.0,0.0,0
Besmir,https://github.com/Besmir,2.0,0.0,0.0,0.0,0.0,0.0,0.0,0
quods,https://github.com/quods,7.0,3.0,2.333333333333333,1.0,1.0,0.0,1.0,0
floyd2,https://github.com/floyd2,2.0,0.0,0.0,6.0,0.0,1.0,1348.0,0
0xae,https://github.com/0xae,75.0,313.0,0.2396166134185303,65.0,23.0,8.0,667666.0,0
AlbanSeurat,https://github.com/AlbanSeurat,21.0,12.0,1.75,14.0,6.0,10.0,31927.0,0
michael3012,https://github.com/michael3012,2.0,0.0,0.0,0.0,0.0,0.0,0.0,0
Rafi1,https://github.com/Rafi1,0.0,0.0,0.0,1.0,0.0,1.0,520.0,0
mmcd,https://github.com/mmcd,0.0,5.0,0.0,4.0,5.0,1.0,141908.0,0
sss4372,https://github.com/sss4372,0.0,0.0,0.0,2.0,0.0,0.0,1472.0,0
cdelbasso,https://github.com/cdelbasso,0.0,0.0,0.0,0.0,0.0,0.0,0.0,0
andyfinity,https://github.com/andyfinity,0.0,0.0,0.0,13.0,0.0,8.0,3572.0,0
afinlayson,https://github.com/afinlayson,7.0,7.0,1.0,19.0,0.0,5.0,588655.0,0
seanmouse,https://github.com/seanmouse,0.0,0.0,0.0,0.0,0.0,0.0,0.0,0
sia-xx,https://github.com/sia-xx,0.0,0.0,0.0,1.0,0.0,1.0,48.0,0
haxkil,https://github.com/haxkil,1.0,3.0,0.3333333333333333,3.0,0.0,0.0,5367.0,0
augustindbz,https://github.com/augustindbz,0.0,0.0,0.0,1.0,0.0,1.0,48.0,0
janakan,https://github.com/janakan,1.0,0.0,0.0,6.0,0.0,0.0,9747.0,0
kynian,https://github.com/kynian,1.0,1.0,1.0,2.0,0.0,0.0,38037.0,0
russmcb,https://github.com/russmcb,0.0,0.0,0.0,1.0,0.0,1.0,120.0,0
ipcode,https://github.com/ipcode,0.0,0.0,0.0,0.0,1.0,0.0,0.0,0
islandguy09,https://github.com/islandguy09,0.0,0.0,0.0,0.0,0.0,0.0,0.0,0
Showbaazi,https://github.com/Showbaazi,0.0,0.0,0.0,0.0,0.0,0.0,0.0,0
aica-dev,https://github.com/aica-dev,1.0,0.0,0.0,2.0,0.0,2.0,144.0,0
nicholaswilde,https://github.com/nicholaswilde,51.0,58.0,0.8793103448275862,94.0,1443.0,88.0,43014.0,0
sudhirb,https://github.com/sudhirb,1.0,2.0,0.5,4.0,0.0,0.0,143.0,0
sdistefano,https://github.com/sdistefano,2.0,2.0,1.0,50.0,1348.0,3.0,145274.0,0
iamtnk,https://github.com/iamtnk,0.0,0.0,0.0,0.0,0.0,0.0,0.0,0
av-zhukov,https://github.com/av-zhukov,0.0,0.0,0.0,0.0,0.0,0.0,0.0,0
fnuts,https://github.com/fnuts,5.0,22.0,0.2272727272727272,3.0,0.0,0.0,652.0,0
Tontonitch,https://github.com/Tontonitch,7.0,10.0,0.7,38.0,7.0,39.0,140004.0,0
johnstda,https://github.com/johnstda,0.0,0.0,0.0,1.0,0.0,1.0,104.0,0
ReginaKing65,https://github.com/ReginaKing65,0.0,0.0,0.0,0.0,0.0,0.0,0.0,0
kumarsharma,https://github.com/kumarsharma,3.0,0.0,0.0,7.0,3.0,2.0,150931.0,0
cameronson,https://github.com/cameronson,0.0,0.0,0.0,1.0,0.0,0.0,4.0,0
jdhouse4,https://github.com/jdhouse4,8.0,6.0,1.3333333333333333,13.0,0.0,23.0,183530.0,0
PortableFrontier,https://github.com/PortableFrontier,1.0,0.0,0.0,0.0,0.0,0.0,0.0,0
Bais,https://github.com/Bais,0.0,1.0,0.0,2.0,0.0,0.0,83518.0,0
seue,https://github.com/seue,0.0,0.0,0.0,0.0,0.0,0.0,0.0,0
gazliddon,https://github.com/gazliddon,6.0,3.0,2.0,34.0,124.0,16.0,82771.0,0
privetvzeveh,https://github.com/privetvzeveh,0.0,0.0,0.0,0.0,0.0,0.0,0.0,0
senth30,https://github.com/senth30,3.0,4.0,0.75,8.0,1.0,1.0,8468.0,0
madewithlove,https://github.com/madewithlove,24.0,0.0,0.0,53.0,0.0,755.0,324072.0,0
mayayeta,https://github.com/mayayeta,0.0,0.0,0.0,0.0,0.0,0.0,0.0,0
pnsk,https://github.com/pnsk,57.0,44.0,1.2954545454545454,42.0,495.0,10.0,448864.0,0
joatumas,https://github.com/joatumas,0.0,0.0,0.0,7.0,0.0,12.0,1006.0,0
cocoacoder,https://github.com/cocoacoder,15.0,2.0,7.5,5.0,0.0,13.0,28828.0,0
wicksipedia,https://github.com/wicksipedia,50.0,1.0,50.0,38.0,2094.0,34.0,1244908.0,0
hoshsadiq,https://github.com/hoshsadiq,93.0,34.0,2.735294117647059,43.0,1771.0,1619.0,20676287.0,0
Tythos,https://github.com/Tythos,34.0,67.0,0.5074626865671642,238.0,235.0,11.0,1095809.0,0
freestate,https://github.com/freestate,10.0,67.0,0.1492537313432835,17.0,3.0,0.0,312330.0,0
wilsonhuangtw,https://github.com/wilsonhuangtw,1.0,2.0,0.5,0.0,0.0,0.0,0.0,0
kirishima77,https://github.com/kirishima77,0.0,0.0,0.0,0.0,0.0,0.0,0.0,0
muralipalepu,https://github.com/muralipalepu,0.0,0.0,0.0,0.0,0.0,0.0,0.0,0
yamat0jp,https://github.com/yamat0jp,0.0,0.0,0.0,36.0,133.0,0.0,392221.0,0
gugi1,https://github.com/gugi1,0.0,0.0,0.0,0.0,0.0,0.0,0.0,0
awexome,https://github.com/awexome,0.0,0.0,0.0,6.0,0.0,12.0,1172.0,0
pbanavara,https://github.com/pbanavara,12.0,7.0,1.7142857142857142,74.0,121.0,5.0,1111300.0,0
rotenbaron,https://github.com/rotenbaron,0.0,0.0,0.0,4.0,5.0,0.0,53.0,0
mortennajbjerg,https://github.com/mortennajbjerg,0.0,0.0,0.0,13.0,0.0,5.0,225605.0,0
microcuts,https://github.com/microcuts,0.0,0.0,0.0,0.0,0.0,0.0,0.0,0
nummelin,https://github.com/nummelin,0.0,0.0,0.0,0.0,0.0,0.0,0.0,0
demo-henrykho,https://github.com/demo-henrykho,0.0,0.0,0.0,0.0,0.0,0.0,0.0,0
Fomi4,https://github.com/Fomi4,0.0,1.0,0.0,28.0,0.0,0.0,40438.0,0
anjalikaushal,https://github.com/anjalikaushal,0.0,0.0,0.0,0.0,0.0,0.0,0.0,0
wilmergeovannyosoribonilla,https://github.com/wilmergeovannyosoribonilla,0.0,0.0,0.0,0.0,0.0,0.0,0.0,0
Hany81,https://github.com/Hany81,0.0,0.0,0.0,0.0,0.0,0.0,0.0,0
baracudaz,https://github.com/baracudaz,4.0,8.0,0.5,5.0,0.0,30.0,5812.0,0
syspo,https://github.com/syspo,0.0,0.0,0.0,0.0,0.0,0.0,0.0,0
panzerkanonier,https://github.com/panzerkanonier,0.0,0.0,0.0,0.0,0.0,0.0,0.0,0
gwenny,https://github.com/gwenny,0.0,0.0,0.0,0.0,0.0,0.0,0.0,0
khoa1111,https://github.com/khoa1111,0.0,0.0,0.0,1.0,0.0,1.0,195016.0,0
charliesawsome,https://github.com/charliesawsome,0.0,0.0,0.0,0.0,0.0,0.0,0.0,0
thebeachfrontclub,https://github.com/thebeachfrontclub,0.0,0.0,0.0,1.0,0.0,3.0,317.0,0
SparkleTeam,https://github.com/SparkleTeam,0.0,0.0,0.0,0.0,0.0,0.0,0.0,0
orionseverhill,https://github.com/orionseverhill,0.0,0.0,0.0,0.0,0.0,0.0,0.0,0
alekseyshumkin,https://github.com/alekseyshumkin,0.0,0.0,0.0,1.0,0.0,0.0,0.0,0
X3Cutor,https://github.com/X3Cutor,0.0,0.0,0.0,3.0,0.0,0.0,42196.0,0
creativengine,https://github.com/creativengine,0.0,1.0,0.0,0.0,0.0,0.0,0.0,0
teucer,https://github.com/teucer,0.0,0.0,0.0,7.0,2.0,0.0,9686.0,0
tarwon,https://github.com/tarwon,2.0,4.0,0.5,1.0,0.0,0.0,1342.0,0
cerverg,https://github.com/cerverg,0.0,0.0,0.0,1.0,0.0,0.0,0.0,0
tristanau,https://github.com/tristanau,0.0,0.0,0.0,0.0,0.0,0.0,0.0,0
arkansasattorney,https://github.com/arkansasattorney,,,,,,,,0
fatihdursun,https://github.com/fatihdursun,0.0,8.0,0.0,7.0,0.0,3.0,698543.0,0
RiZKiT,https://github.com/RiZKiT,13.0,2.0,6.5,30.0,50.0,3.0,692295.0,0
sankalpshah,https://github.com/sankalpshah,0.0,0.0,0.0,1.0,0.0,0.0,352.0,0
HafizEltayeb,https://github.com/HafizEltayeb,0.0,0.0,0.0,1.0,0.0,1.0,48.0,0
highprofileescort,https://github.com/highprofileescort,,,,,,,,0
Yilang,https://github.com/Yilang,0.0,0.0,0.0,0.0,0.0,0.0,0.0,0
rmedia,https://github.com/rmedia,0.0,0.0,0.0,0.0,0.0,0.0,0.0,0
BobAmin,https://github.com/BobAmin,0.0,0.0,0.0,0.0,0.0,0.0,0.0,0
AleksiKarhu,https://github.com/AleksiKarhu,0.0,0.0,0.0,1.0,0.0,1.0,48.0,0
rawatanil213,https://github.com/rawatanil213,0.0,0.0,0.0,0.0,0.0,0.0,0.0,0
monkey-herder,https://github.com/monkey-herder,0.0,0.0,0.0,0.0,0.0,0.0,0.0,0
WigJig,https://github.com/WigJig,0.0,0.0,0.0,0.0,0.0,0.0,0.0,0
ysavary,https://github.com/ysavary,14.0,2.0,7.0,9.0,60.0,14.0,275010.0,0
pcs2112,https://github.com/pcs2112,4.0,0.0,0.0,17.0,24.0,0.0,13374.0,0
gchristakis,https://github.com/gchristakis,0.0,0.0,0.0,1.0,0.0,0.0,0.0,0
pstadler,https://github.com/pstadler,258.0,41.0,6.2926829268292686,40.0,648.0,5197.0,73317.0,0
benignbala,https://github.com/benignbala,5.0,3.0,1.6666666666666667,92.0,1.0,1.0,1805106.0,0
vicd,https://github.com/vicd,0.0,0.0,0.0,0.0,0.0,0.0,0.0,0
secutix,https://github.com/secutix,0.0,0.0,0.0,10.0,0.0,7.0,49516.0,0
andyofb,https://github.com/andyofb,1.0,0.0,0.0,1.0,0.0,0.0,60.0,0
nremond,https://github.com/nremond,69.0,12.0,5.75,90.0,1.0,1.0,412877.0,0
woollypig,https://github.com/woollypig,0.0,0.0,0.0,1.0,0.0,1.0,48.0,0
Skumlingen,https://github.com/Skumlingen,0.0,0.0,0.0,0.0,0.0,0.0,0.0,0
systachar,https://github.com/systachar,0.0,0.0,0.0,1.0,0.0,1.0,48.0,0
CJani,https://github.com/CJani,0.0,0.0,0.0,0.0,0.0,0.0,0.0,0
AndreyKornev,https://github.com/AndreyKornev,0.0,0.0,0.0,0.0,0.0,0.0,0.0,0
jefdav,https://github.com/jefdav,1.0,0.0,0.0,2.0,25.0,0.0,1388.0,0
tatiana1970,https://github.com/tatiana1970,0.0,0.0,0.0,1.0,0.0,1.0,48.0,0
Kimmit,https://github.com/Kimmit,0.0,0.0,0.0,0.0,0.0,0.0,0.0,0
cagiva851,https://github.com/cagiva851,0.0,0.0,0.0,0.0,0.0,0.0,0.0,0
tomiaijo,https://github.com/tomiaijo,1.0,1.0,1.0,6.0,17.0,45.0,255673.0,0
DaveChaos,https://github.com/DaveChaos,0.0,0.0,0.0,0.0,0.0,0.0,0.0,0
jkorpics,https://github.com/jkorpics,0.0,2.0,0.0,1.0,0.0,0.0,11.0,0
davidrudder,https://github.com/davidrudder,0.0,0.0,0.0,0.0,0.0,0.0,0.0,0
zarpa,https://github.com/zarpa,0.0,0.0,0.0,1.0,0.0,1.0,48.0,0
justinmgarcia,https://github.com/justinmgarcia,0.0,0.0,0.0,2.0,0.0,0.0,100.0,0
kungfucraig,https://github.com/kungfucraig,10.0,0.0,0.0,10.0,166.0,5.0,34429.0,0
tartnewmedia,https://github.com/tartnewmedia,0.0,0.0,0.0,0.0,0.0,0.0,0.0,0
otaviano,https://github.com/otaviano,4.0,3.0,1.3333333333333333,14.0,33.0,0.0,13263.0,0
francoist,https://github.com/francoist,1.0,0.0,0.0,0.0,0.0,0.0,0.0,0
Elizabethandesign,https://github.com/Elizabethandesign,0.0,0.0,0.0,0.0,0.0,0.0,0.0,0
Altamontanha,https://github.com/Altamontanha,0.0,0.0,0.0,1.0,0.0,4.0,5944.0,0
jcollemer,https://github.com/jcollemer,0.0,0.0,0.0,0.0,0.0,0.0,0.0,0
whenitsdone,https://github.com/whenitsdone,0.0,0.0,0.0,1.0,0.0,1.0,2746.0,0
tjwatermeier,https://github.com/tjwatermeier,0.0,0.0,0.0,0.0,0.0,0.0,0.0,0
ssteinberg,https://github.com/ssteinberg,87.0,0.0,0.0,11.0,156.0,404.0,2167085.0,0
tanuidan,https://github.com/tanuidan,0.0,0.0,0.0,1.0,0.0,0.0,191929.0,0
mikenickelson,https://github.com/mikenickelson,3.0,1.0,3.0,8.0,0.0,0.0,29644.0,0
curruscataphractus,https://github.com/curruscataphractus,0.0,0.0,0.0,1.0,0.0,1.0,112.0,0
GiR-Blunti,https://github.com/GiR-Blunti,3.0,0.0,0.0,9.0,23.0,3.0,329812.0,0
anastasiadipardo,https://github.com/anastasiadipardo,0.0,0.0,0.0,0.0,0.0,0.0,0.0,0
geolffrey,https://github.com/geolffrey,9.0,117.0,0.0769230769230769,331.0,22.0,0.0,211322.0,0
gilsanchez,https://github.com/gilsanchez,5.0,9.0,0.5555555555555556,16.0,0.0,5.0,34901.0,0
redorav,https://github.com/redorav,112.0,31.0,3.612903225806452,12.0,590.0,1273.0,371064.0,0
phxql,https://github.com/phxql,77.0,35.0,2.2,66.0,71.0,411.0,32550.0,0
eplusx,https://github.com/eplusx,3.0,3.0,1.0,9.0,49.0,1.0,96479.0,0
randy336,https://github.com/randy336,0.0,0.0,0.0,1.0,0.0,0.0,100.0,0
BrandonH28,https://github.com/BrandonH28,0.0,0.0,0.0,0.0,0.0,0.0,0.0,0
offsnore,https://github.com/offsnore,12.0,4.0,3.0,27.0,1.0,35.0,1605156.0,0
unbeatenchamp,https://github.com/unbeatenchamp,0.0,0.0,0.0,1.0,0.0,0.0,516.0,0
etfink,https://github.com/etfink,1.0,0.0,0.0,3.0,0.0,0.0,15725.0,0
sbarnesx,https://github.com/sbarnesx,0.0,0.0,0.0,0.0,0.0,0.0,0.0,0
HerokuCMSDemo,https://github.com/HerokuCMSDemo,0.0,0.0,0.0,0.0,0.0,0.0,0.0,0
videosoft,https://github.com/videosoft,24.0,0.0,0.0,4.0,0.0,8.0,14849.0,0
accent,https://github.com/accent,4.0,0.0,0.0,14.0,0.0,2.0,33782.0,0
Dutchmoore,https://github.com/Dutchmoore,0.0,0.0,0.0,0.0,0.0,0.0,0.0,0
Namtes,https://github.com/Namtes,0.0,0.0,0.0,0.0,0.0,0.0,0.0,0
franzib,https://github.com/franzib,0.0,0.0,0.0,1.0,0.0,1.0,254.0,0
andreamaral,https://github.com/andreamaral,0.0,0.0,0.0,0.0,0.0,0.0,0.0,0
awerths,https://github.com/awerths,0.0,0.0,0.0,0.0,0.0,0.0,0.0,0
chhib,https://github.com/chhib,50.0,4.0,12.5,30.0,0.0,53.0,11394.0,0
tomdrn,https://github.com/tomdrn,12.0,13.0,0.9230769230769232,21.0,0.0,1.0,328464.0,0
eddarmitage,https://github.com/eddarmitage,2.0,0.0,0.0,19.0,9.0,1.0,224259.0,0
pivotavic,https://github.com/pivotavic,0.0,0.0,0.0,0.0,0.0,0.0,0.0,0
m3dudie,https://github.com/m3dudie,0.0,0.0,0.0,0.0,0.0,0.0,0.0,0
friendseat,https://github.com/friendseat,0.0,0.0,0.0,10.0,0.0,0.0,394243.0,0
jccunhaol,https://github.com/jccunhaol,0.0,0.0,0.0,0.0,0.0,0.0,0.0,0
giullifgerrari,https://github.com/giullifgerrari,0.0,0.0,0.0,0.0,0.0,0.0,0.0,0
mnemosha,https://github.com/mnemosha,0.0,0.0,0.0,4.0,0.0,0.0,580.0,0
FriendsEATcom,https://github.com/FriendsEATcom,0.0,0.0,0.0,1.0,0.0,0.0,41894.0,0
tomjanssens,https://github.com/tomjanssens,25.0,21.0,1.1904761904761905,18.0,4.0,5.0,196342.0,0
MrClyfar,https://github.com/MrClyfar,1.0,0.0,0.0,7.0,0.0,3.0,65551.0,0
Mentalbox,https://github.com/Mentalbox,0.0,0.0,0.0,0.0,0.0,0.0,0.0,0
ivolucien,https://github.com/ivolucien,3.0,0.0,0.0,7.0,144.0,7.0,19044.0,0
jvalduvieco,https://github.com/jvalduvieco,44.0,28.0,1.5714285714285714,19.0,788.0,21.0,7100.0,0
rodrigofigueiredo,https://github.com/rodrigofigueiredo,0.0,0.0,0.0,0.0,0.0,0.0,0.0,0
cc-,https://github.com/cc-,0.0,0.0,0.0,0.0,0.0,0.0,0.0,0
nollkoll,https://github.com/nollkoll,0.0,0.0,0.0,2.0,0.0,2.0,236.0,0
aaronda921,https://github.com/aaronda921,0.0,0.0,0.0,0.0,0.0,0.0,0.0,0
killeurc,https://github.com/killeurc,0.0,0.0,0.0,0.0,0.0,0.0,0.0,0
rkariola,https://github.com/rkariola,2.0,3.0,0.6666666666666666,1.0,0.0,0.0,3.0,0
mmunhall,https://github.com/mmunhall,5.0,0.0,0.0,30.0,6.0,10.0,142782.0,0
fhmf,https://github.com/fhmf,0.0,0.0,0.0,0.0,0.0,0.0,0.0,0
echronus,https://github.com/echronus,0.0,0.0,0.0,0.0,0.0,0.0,0.0,0
patrum,https://github.com/patrum,2.0,0.0,0.0,0.0,0.0,0.0,0.0,0
chris-mackie,https://github.com/chris-mackie,7.0,21.0,0.3333333333333333,4.0,121.0,2.0,3006.0,0
mycoriseup,https://github.com/mycoriseup,0.0,0.0,0.0,0.0,0.0,0.0,0.0,0
ahmedhalawa,https://github.com/ahmedhalawa,0.0,0.0,0.0,0.0,0.0,0.0,0.0,0
sharpfive,https://github.com/sharpfive,9.0,1.0,9.0,21.0,6.0,5.0,1545798.0,0
mvicidomini,https://github.com/mvicidomini,0.0,0.0,0.0,0.0,0.0,0.0,0.0,0
nebur,https://github.com/nebur,0.0,0.0,0.0,1.0,0.0,1.0,108.0,0
vinegarhill,https://github.com/vinegarhill,0.0,0.0,0.0,0.0,0.0,0.0,0.0,0
khayna,https://github.com/khayna,6.0,0.0,0.0,0.0,0.0,0.0,0.0,0
JonLevischi,https://github.com/JonLevischi,0.0,1.0,0.0,0.0,0.0,0.0,0.0,0
ph0bos,https://github.com/ph0bos,11.0,9.0,1.2222222222222223,73.0,3.0,64.0,44650.0,0
jakers12354,https://github.com/jakers12354,0.0,0.0,0.0,0.0,0.0,0.0,0.0,0
archeg,https://github.com/archeg,1.0,2.0,0.5,17.0,0.0,1.0,164147.0,0
asyncro,https://github.com/asyncro,0.0,6.0,0.0,6.0,1.0,0.0,4010.0,0
khallco,https://github.com/khallco,0.0,0.0,0.0,0.0,0.0,0.0,0.0,0
riskio,https://github.com/riskio,2.0,0.0,0.0,0.0,0.0,0.0,0.0,0
Dejaneiro,https://github.com/Dejaneiro,0.0,0.0,0.0,0.0,0.0,0.0,0.0,0
stevechae,https://github.com/stevechae,11.0,6.0,1.8333333333333333,8.0,20.0,3.0,1138939.0,0
masters-zz,https://github.com/masters-zz,0.0,0.0,0.0,0.0,0.0,0.0,0.0,0
codejnki,https://github.com/codejnki,16.0,14.0,1.1428571428571428,19.0,371.0,6.0,2001.0,0
Qenq,https://github.com/Qenq,0.0,0.0,0.0,2.0,0.0,3.0,302.0,0
sharonbrewton,https://github.com/sharonbrewton,0.0,0.0,0.0,2.0,0.0,2.0,156.0,0
timosong,https://github.com/timosong,1.0,0.0,0.0,3.0,19.0,0.0,2902.0,0
Zinssmeister,https://github.com/Zinssmeister,0.0,0.0,0.0,6.0,0.0,67.0,1950.0,0
mmitis,https://github.com/mmitis,5.0,1.0,5.0,27.0,2.0,2.0,250899.0,0
vitalisvis,https://github.com/vitalisvis,0.0,0.0,0.0,2.0,0.0,0.0,5.0,0
visionproject,https://github.com/visionproject,0.0,0.0,0.0,0.0,0.0,0.0,0.0,0
OOZZY,https://github.com/OOZZY,9.0,4.0,2.25,31.0,0.0,2.0,87283.0,0
drewfranz,https://github.com/drewfranz,3.0,3.0,1.0,39.0,74.0,1.0,415309.0,0
showsky,https://github.com/showsky,5.0,10.0,0.5,12.0,0.0,5.0,36837.0,0
pick-zz,https://github.com/pick-zz,2.0,1.0,2.0,0.0,0.0,0.0,0.0,0
mfoglia,https://github.com/mfoglia,1.0,0.0,0.0,0.0,0.0,0.0,0.0,0
pakza,https://github.com/pakza,1.0,0.0,0.0,2.0,0.0,0.0,244.0,0
erikdejonge,https://github.com/erikdejonge,35.0,77.0,0.4545454545454545,134.0,9.0,22.0,1638209.0,0
vijay9966,https://github.com/vijay9966,1.0,0.0,0.0,1.0,0.0,0.0,9.0,0
gary3064,https://github.com/gary3064,1.0,0.0,0.0,1.0,0.0,0.0,0.0,0
pkindt,https://github.com/pkindt,2.0,2.0,1.0,2.0,14.0,26.0,3134.0,0
majcn,https://github.com/majcn,26.0,13.0,2.0,66.0,145.0,17.0,330577.0,0
AloisiusDedy,https://github.com/AloisiusDedy,1.0,0.0,0.0,2.0,0.0,0.0,56.0,0
ffc,https://github.com/ffc,1.0,0.0,0.0,0.0,0.0,0.0,0.0,0
mixian,https://github.com/mixian,1.0,4.0,0.25,0.0,0.0,0.0,0.0,0
81-Inc,https://github.com/81-Inc,1.0,0.0,0.0,0.0,0.0,0.0,0.0,0
coolio-so,https://github.com/coolio-so,2.0,3.0,0.6666666666666666,112.0,24.0,1.0,663539.0,0
clindemeier-zz,https://github.com/clindemeier-zz,1.0,0.0,0.0,1.0,0.0,0.0,25331.0,0
haakond,https://github.com/haakond,8.0,2.0,4.0,4.0,112.0,0.0,160.0,0
Helpdesk-valenet,https://github.com/Helpdesk-valenet,1.0,0.0,0.0,2.0,0.0,2.0,96.0,0
edoram,https://github.com/edoram,1.0,0.0,0.0,0.0,0.0,0.0,0.0,0
colin62,https://github.com/colin62,1.0,0.0,0.0,0.0,0.0,0.0,0.0,0
edfests,https://github.com/edfests,3.0,0.0,0.0,0.0,0.0,0.0,0.0,0
jdahlke,https://github.com/jdahlke,2.0,2.0,1.0,9.0,50.0,1.0,1371.0,0
hiasl,https://github.com/hiasl,2.0,1.0,2.0,8.0,13.0,0.0,179332.0,0
jrwhitley,https://github.com/jrwhitley,1.0,0.0,0.0,1.0,0.0,1.0,15541.0,0
GenticsDev,https://github.com/GenticsDev,3.0,0.0,0.0,0.0,129.0,0.0,0.0,0
x72,https://github.com/x72,1.0,0.0,0.0,4.0,0.0,0.0,1361.0,0
oskaratcodedesign,https://github.com/oskaratcodedesign,1.0,0.0,0.0,0.0,0.0,0.0,0.0,0
blizekcalista,https://github.com/blizekcalista,1.0,0.0,0.0,0.0,0.0,0.0,0.0,0
Combustion-dev,https://github.com/Combustion-dev,1.0,0.0,0.0,0.0,0.0,0.0,0.0,0
Radwulf,https://github.com/Radwulf,1.0,0.0,0.0,0.0,0.0,0.0,0.0,0
khamden,https://github.com/khamden,1.0,0.0,0.0,0.0,0.0,0.0,0.0,0
mathieuleclaire,https://github.com/mathieuleclaire,27.0,1.0,27.0,34.0,140.0,0.0,251275.0,0
andremccarv,https://github.com/andremccarv,1.0,0.0,0.0,3.0,0.0,0.0,3358.0,0
serjmih,https://github.com/serjmih,1.0,0.0,0.0,2.0,0.0,1.0,48.0,0
klaasjan,https://github.com/klaasjan,2.0,7.0,0.2857142857142857,9.0,9.0,0.0,8017.0,0
luke-chard,https://github.com/luke-chard,1.0,0.0,0.0,0.0,0.0,0.0,0.0,0
unubole5,https://github.com/unubole5,1.0,1.0,1.0,0.0,0.0,0.0,0.0,0
DMarsden,https://github.com/DMarsden,2.0,0.0,0.0,4.0,0.0,0.0,256.0,0
lfyzjck,https://github.com/lfyzjck,62.0,52.0,1.1923076923076923,36.0,38.0,28.0,385564.0,0
06wj,https://github.com/06wj,454.0,122.0,3.721311475409836,46.0,41.0,138.0,6234822.0,0
Igor-Palaguta,https://github.com/Igor-Palaguta,18.0,6.0,3.0,99.0,1013.0,8.0,241278.0,0
nunes,https://github.com/nunes,3.0,2.0,1.5,9.0,0.0,0.0,352808.0,0
tonyoid,https://github.com/tonyoid,1.0,0.0,0.0,0.0,0.0,0.0,0.0,0
florianbeer,https://github.com/florianbeer,62.0,17.0,3.647058823529412,16.0,506.0,225.0,227915.0,0
gdmh,https://github.com/gdmh,1.0,0.0,0.0,0.0,0.0,0.0,0.0,0
agalloni,https://github.com/agalloni,1.0,0.0,0.0,0.0,0.0,0.0,0.0,0
nprudhomme,https://github.com/nprudhomme,8.0,0.0,0.0,7.0,0.0,1.0,12732.0,0
shauncampbell,https://github.com/shauncampbell,11.0,6.0,1.8333333333333333,44.0,8.0,17.0,42856.0,0
livein80,https://github.com/livein80,1.0,0.0,0.0,3.0,0.0,0.0,86180.0,0
manojalwani,https://github.com/manojalwani,1.0,0.0,0.0,9.0,0.0,11.0,143935.0,0
raunakp,https://github.com/raunakp,3.0,1.0,3.0,29.0,3.0,1.0,374458.0,0
Dreamher,https://github.com/Dreamher,1.0,0.0,0.0,2.0,0.0,2.0,96.0,0
travelindochina,https://github.com/travelindochina,1.0,0.0,0.0,0.0,0.0,0.0,0.0,0
GeCa7a,https://github.com/GeCa7a,2.0,2.0,1.0,1.0,0.0,1.0,91472.0,0
zsjavorszky,https://github.com/zsjavorszky,3.0,1.0,3.0,3.0,1.0,3.0,13487.0,0
Richex,https://github.com/Richex,0.0,0.0,0.0,10.0,0.0,12.0,258510.0,0
ivanzhang85,https://github.com/ivanzhang85,1.0,2.0,0.5,1.0,0.0,0.0,22334.0,0
pappully65,https://github.com/pappully65,1.0,0.0,0.0,0.0,0.0,0.0,0.0,0
treidco,https://github.com/treidco,2.0,1.0,2.0,48.0,69.0,1.0,206427.0,0
nissefors,https://github.com/nissefors,10.0,1.0,10.0,3.0,0.0,0.0,290.0,0
TomFischer,https://github.com/TomFischer,16.0,1.0,16.0,11.0,220.0,3.0,417769.0,0
thomasherrmann,https://github.com/thomasherrmann,1.0,0.0,0.0,0.0,0.0,0.0,0.0,0
dxxyy,https://github.com/dxxyy,1.0,6.0,0.1666666666666666,2.0,0.0,0.0,8202.0,0
Kaian,https://github.com/Kaian,43.0,18.0,2.388888888888889,23.0,520.0,4.0,348624.0,0
cristianalecu,https://github.com/cristianalecu,1.0,0.0,0.0,7.0,0.0,0.0,193451.0,0
kcchu,https://github.com/kcchu,0.0,0.0,0.0,25.0,0.0,65.0,127153.0,0
lingard,https://github.com/lingard,6.0,1.0,6.0,50.0,0.0,1.0,778928.0,0
LudwigTirazona,https://github.com/LudwigTirazona,1.0,0.0,0.0,6.0,0.0,1.0,294702.0,0
matkins85,https://github.com/matkins85,2.0,0.0,0.0,2.0,0.0,0.0,51660.0,0
ziljin,https://github.com/ziljin,1.0,0.0,0.0,2.0,0.0,0.0,416.0,0
murraysilber,https://github.com/murraysilber,1.0,0.0,0.0,4.0,207.0,0.0,36646.0,0
Circkumflex,https://github.com/Circkumflex,4.0,3.0,1.3333333333333333,1.0,0.0,0.0,32.0,0
superudon,https://github.com/superudon,1.0,0.0,0.0,0.0,0.0,0.0,0.0,0
spideronline,https://github.com/spideronline,1.0,0.0,0.0,4.0,0.0,1.0,6593.0,0
otang,https://github.com/otang,22.0,12.0,1.8333333333333333,33.0,1051.0,1.0,118174.0,0
csema,https://github.com/csema,1.0,0.0,0.0,0.0,0.0,0.0,0.0,0
rapo369,https://github.com/rapo369,1.0,0.0,0.0,4.0,0.0,3.0,18863.0,0
ajgamester,https://github.com/ajgamester,1.0,0.0,0.0,2.0,1.0,0.0,1896354.0,0
SkaziX,https://github.com/SkaziX,1.0,0.0,0.0,1.0,0.0,0.0,112.0,0
wabendo,https://github.com/wabendo,1.0,0.0,0.0,0.0,0.0,0.0,0.0,0
fpavageau,https://github.com/fpavageau,23.0,9.0,2.555555555555556,57.0,1.0,7.0,550626.0,0
sbradshaw,https://github.com/sbradshaw,3.0,1.0,3.0,8.0,0.0,0.0,1968.0,0
wreath,https://github.com/wreath,1.0,0.0,0.0,1.0,0.0,0.0,36.0,0
soulshockers,https://github.com/soulshockers,5.0,3.0,1.6666666666666667,10.0,92.0,0.0,10945.0,0
ispysoftware,https://github.com/ispysoftware,160.0,4.0,40.0,29.0,523.0,1472.0,3504800.0,0
nathieb,https://github.com/nathieb,1.0,2.0,0.5,16.0,3.0,6.0,66827.0,0
vtele100,https://github.com/vtele100,1.0,0.0,0.0,0.0,0.0,0.0,0.0,0
crawford269,https://github.com/crawford269,0.0,0.0,0.0,0.0,0.0,0.0,0.0,0
Baudry,https://github.com/Baudry,1.0,0.0,0.0,0.0,0.0,0.0,0.0,0
sormlam,https://github.com/sormlam,1.0,0.0,0.0,4.0,0.0,1.0,444.0,0
x-bard-x,https://github.com/x-bard-x,1.0,0.0,0.0,0.0,0.0,0.0,0.0,0
lammot,https://github.com/lammot,1.0,0.0,0.0,0.0,0.0,0.0,0.0,0
aodashuai,https://github.com/aodashuai,1.0,0.0,0.0,2.0,0.0,1.0,58.0,0
kohtenko,https://github.com/kohtenko,18.0,3.0,6.0,45.0,14.0,203.0,679872.0,0
angq,https://github.com/angq,1.0,0.0,0.0,0.0,0.0,0.0,0.0,0
dmakarenko,https://github.com/dmakarenko,15.0,20.0,0.75,3.0,84.0,1.0,15150.0,0
inew,https://github.com/inew,2.0,0.0,0.0,0.0,0.0,0.0,0.0,0
chenligui,https://github.com/chenligui,1.0,0.0,0.0,0.0,0.0,0.0,0.0,0
alastairb,https://github.com/alastairb,1.0,0.0,0.0,0.0,0.0,0.0,0.0,0
pontocom,https://github.com/pontocom,22.0,0.0,0.0,72.0,51.0,6.0,228252.0,0
DaddyBird,https://github.com/DaddyBird,1.0,0.0,0.0,0.0,0.0,0.0,0.0,0
atvb,https://github.com/atvb,0.0,0.0,0.0,0.0,0.0,0.0,0.0,0
adamada,https://github.com/adamada,0.0,0.0,0.0,0.0,0.0,0.0,0.0,0
UniversityofWarwick,https://github.com/UniversityofWarwick,17.0,0.0,0.0,65.0,0.0,17.0,265438.0,0
LouisHuppenbauer,https://github.com/LouisHuppenbauer,4.0,2.0,2.0,3.0,0.0,3.0,296.0,0
hdz0310204,https://github.com/hdz0310204,0.0,0.0,0.0,0.0,0.0,0.0,0.0,0
jtubog,https://github.com/jtubog,0.0,0.0,0.0,0.0,0.0,0.0,0.0,0
Hellborg,https://github.com/Hellborg,0.0,0.0,0.0,1.0,0.0,1.0,400.0,0
babalar12,https://github.com/babalar12,0.0,0.0,0.0,0.0,0.0,0.0,0.0,0
hronos,https://github.com/hronos,2.0,1.0,2.0,6.0,0.0,1.0,51181.0,0
vcoppolecchia,https://github.com/vcoppolecchia,2.0,2.0,1.0,3.0,0.0,0.0,6980.0,0
alur86,https://github.com/alur86,1.0,0.0,0.0,7.0,0.0,1.0,7580.0,0
carlgreen,https://github.com/carlgreen,2.0,3.0,0.6666666666666666,11.0,0.0,4.0,5917.0,0
vergnaud,https://github.com/vergnaud,0.0,0.0,0.0,0.0,0.0,0.0,0.0,0
morkov4o,https://github.com/morkov4o,2.0,1.0,2.0,11.0,0.0,0.0,158940.0,0
Ciredia,https://github.com/Ciredia,1.0,0.0,0.0,0.0,0.0,0.0,0.0,0
lkshakya,https://github.com/lkshakya,3.0,9.0,0.3333333333333333,6.0,0.0,10.0,69352.0,0
lemonboy999,https://github.com/lemonboy999,0.0,0.0,0.0,1.0,0.0,1.0,271770.0,0
shush,https://github.com/shush,0.0,0.0,0.0,0.0,0.0,0.0,0.0,0
Gonz-revel-,https://github.com/Gonz-revel-,0.0,0.0,0.0,0.0,0.0,0.0,0.0,0
oscarwoo,https://github.com/oscarwoo,0.0,2.0,0.0,1.0,0.0,0.0,64.0,0
jthow2001,https://github.com/jthow2001,0.0,0.0,0.0,0.0,0.0,0.0,0.0,0
Semeketh,https://github.com/Semeketh,0.0,0.0,0.0,3.0,0.0,0.0,27390.0,0
fayjackson1,https://github.com/fayjackson1,0.0,0.0,0.0,1.0,0.0,1.0,48.0,0
amithooda,https://github.com/amithooda,0.0,0.0,0.0,2.0,0.0,1.0,100.0,0
StrangeAttractor,https://github.com/StrangeAttractor,0.0,0.0,0.0,0.0,0.0,0.0,0.0,0
rdridder,https://github.com/rdridder,0.0,0.0,0.0,8.0,41.0,2.0,218682.0,0
rcdexta,https://github.com/rcdexta,155.0,30.0,5.166666666666667,119.0,205.0,22.0,478727.0,0
UMS,https://github.com/UMS,0.0,0.0,0.0,5.0,0.0,1.0,394175.0,0
rrazd,https://github.com/rrazd,10.0,7.0,1.4285714285714286,19.0,11.0,1.0,334215.0,0
mikeypengelly,https://github.com/mikeypengelly,0.0,0.0,0.0,0.0,0.0,0.0,0.0,0
slappyjam,https://github.com/slappyjam,0.0,0.0,0.0,0.0,0.0,0.0,0.0,0
belle2,https://github.com/belle2,15.0,0.0,0.0,6.0,0.0,47.0,1058630.0,0
infonet,https://github.com/infonet,1.0,0.0,0.0,0.0,0.0,0.0,0.0,0
RevelSystems,https://github.com/RevelSystems,9.0,0.0,0.0,20.0,0.0,7.0,229007.0,0
ahmeddev,https://github.com/ahmeddev,0.0,0.0,0.0,0.0,0.0,0.0,0.0,0
annemailopp,https://github.com/annemailopp,2.0,2.0,1.0,0.0,0.0,0.0,0.0,0
onedev-zz,https://github.com/onedev-zz,0.0,0.0,0.0,0.0,0.0,0.0,0.0,0
schrederh,https://github.com/schrederh,0.0,0.0,0.0,1.0,0.0,0.0,17504.0,0
carrho,https://github.com/carrho,0.0,0.0,0.0,0.0,0.0,0.0,0.0,0
googoljqk,https://github.com/googoljqk,6.0,2.0,3.0,29.0,0.0,1.0,346322.0,0
yangdota,https://github.com/yangdota,0.0,0.0,0.0,0.0,0.0,0.0,0.0,0
estebangallardo,https://github.com/estebangallardo,0.0,0.0,0.0,1.0,0.0,0.0,591.0,0
mageshgfy,https://github.com/mageshgfy,0.0,0.0,0.0,0.0,0.0,0.0,0.0,0
yanglujuncc,https://github.com/yanglujuncc,3.0,1.0,3.0,22.0,0.0,7.0,651772.0,0
michoko07,https://github.com/michoko07,0.0,0.0,0.0,2.0,0.0,1.0,241961.0,0
garciaf,https://github.com/garciaf,30.0,16.0,1.875,26.0,1117.0,6.0,247692.0,0
ursabhi,https://github.com/ursabhi,0.0,0.0,0.0,0.0,0.0,0.0,0.0,0
CharlotteB,https://github.com/CharlotteB,0.0,0.0,0.0,0.0,0.0,0.0,0.0,0
gravitywarrior,https://github.com/gravitywarrior,0.0,0.0,0.0,2.0,0.0,0.0,3216.0,0
vmcnabb,https://github.com/vmcnabb,1.0,4.0,0.25,1.0,0.0,0.0,121.0,0
williamwww,https://github.com/williamwww,0.0,0.0,0.0,0.0,0.0,0.0,0.0,0
calumchisholm,https://github.com/calumchisholm,6.0,8.0,0.75,7.0,7.0,1.0,37540.0,0
will-moore,https://github.com/will-moore,40.0,4.0,10.0,165.0,1305.0,1.0,994465.0,0
gsma-dev1,https://github.com/gsma-dev1,0.0,0.0,0.0,0.0,0.0,0.0,0.0,0
minsii,https://github.com/minsii,14.0,1.0,14.0,37.0,20.0,9.0,1498919.0,0
arachny,https://github.com/arachny,5.0,6.0,0.8333333333333334,1.0,0.0,0.0,13.0,0
konakonall,https://github.com/konakonall,5.0,6.0,0.8333333333333334,15.0,57.0,3.0,602850.0,0
tetylek,https://github.com/tetylek,0.0,0.0,0.0,1.0,0.0,0.0,0.0,0
mahmoudbahaa,https://github.com/mahmoudbahaa,9.0,0.0,0.0,22.0,255.0,61.0,379349.0,0
rhatfield1971,https://github.com/rhatfield1971,0.0,0.0,0.0,0.0,0.0,0.0,0.0,0
Sieg01ka,https://github.com/Sieg01ka,0.0,0.0,0.0,0.0,0.0,0.0,0.0,0
gitgit,https://github.com/gitgit,1.0,0.0,0.0,0.0,0.0,0.0,0.0,0
nexxos,https://github.com/nexxos,4.0,6.0,0.6666666666666666,31.0,0.0,3.0,30890.0,0
Max4P,https://github.com/Max4P,0.0,0.0,0.0,0.0,0.0,0.0,0.0,0
fwahab,https://github.com/fwahab,0.0,0.0,0.0,0.0,0.0,0.0,0.0,0
Alberto89,https://github.com/Alberto89,0.0,0.0,0.0,1.0,0.0,1.0,48.0,0
Suller,https://github.com/Suller,0.0,0.0,0.0,4.0,0.0,0.0,64898.0,0
kevineves,https://github.com/kevineves,0.0,3.0,0.0,2.0,0.0,0.0,263.0,0
silvansky,https://github.com/silvansky,45.0,24.0,1.875,141.0,7.0,27.0,172023.0,0
OleksiiChumak,https://github.com/OleksiiChumak,0.0,0.0,0.0,4.0,0.0,0.0,162189.0,0
cscart,https://github.com/cscart,83.0,0.0,0.0,48.0,0.0,138.0,1169346.0,0
roomorama-dev,https://github.com/roomorama-dev,1.0,0.0,0.0,0.0,0.0,0.0,0.0,0
herbsolo,https://github.com/herbsolo,0.0,0.0,0.0,1.0,0.0,2.0,14311.0,0
mcubed,https://github.com/mcubed,0.0,0.0,0.0,0.0,0.0,0.0,0.0,0
nkadun,https://github.com/nkadun,0.0,0.0,0.0,1.0,0.0,1.0,2064.0,0
Zikmo,https://github.com/Zikmo,1.0,0.0,0.0,1.0,0.0,1.0,64384.0,0
jamesnj,https://github.com/jamesnj,0.0,0.0,0.0,0.0,0.0,0.0,0.0,0
TRavary,https://github.com/TRavary,0.0,0.0,0.0,4.0,0.0,0.0,5725.0,0
klyun,https://github.com/klyun,1.0,0.0,0.0,3.0,0.0,0.0,160.0,0
mreiter,https://github.com/mreiter,0.0,0.0,0.0,0.0,0.0,0.0,0.0,0
joelarnold,https://github.com/joelarnold,1.0,0.0,0.0,3.0,0.0,0.0,5687.0,0
ExtraKiller,https://github.com/ExtraKiller,0.0,0.0,0.0,2.0,0.0,0.0,72690.0,0
ea6987,https://github.com/ea6987,0.0,1.0,0.0,0.0,0.0,0.0,0.0,0
lalentur,https://github.com/lalentur,0.0,1.0,0.0,1.0,0.0,0.0,1085.0,0
sergeykaplun,https://github.com/sergeykaplun,2.0,0.0,0.0,5.0,0.0,4.0,214907.0,0
armkry,https://github.com/armkry,3.0,3.0,1.0,0.0,0.0,0.0,0.0,0
ShiftScape,https://github.com/ShiftScape,0.0,0.0,0.0,1.0,0.0,1.0,1924.0,0
sgunawan,https://github.com/sgunawan,0.0,0.0,0.0,1.0,0.0,1.0,48.0,0
D-Hoghton,https://github.com/D-Hoghton,0.0,0.0,0.0,3.0,0.0,1.0,316.0,0
araxn,https://github.com/araxn,0.0,0.0,0.0,2.0,0.0,2.0,12954.0,0
joseandro,https://github.com/joseandro,52.0,23.0,2.260869565217391,9.0,314.0,35.0,127851.0,0
joeychao,https://github.com/joeychao,0.0,2.0,0.0,0.0,0.0,0.0,0.0,0
amao,https://github.com/amao,14.0,36.0,0.3888888888888889,10.0,571.0,6.0,26209.0,0
GaloSengen,https://github.com/GaloSengen,0.0,0.0,0.0,0.0,0.0,0.0,0.0,0
JasonJiang2000,https://github.com/JasonJiang2000,0.0,0.0,0.0,0.0,0.0,0.0,0.0,0
mystique7662,https://github.com/mystique7662,0.0,0.0,0.0,1.0,0.0,2.0,11651.0,0
innovationzypuk,https://github.com/innovationzypuk,1.0,0.0,0.0,1.0,0.0,2.0,2088.0,0
eddboyer,https://github.com/eddboyer,0.0,0.0,0.0,4.0,1.0,2.0,324495.0,0
joshargh,https://github.com/joshargh,8.0,16.0,0.5,28.0,1.0,0.0,353300.0,0
rhanzawa,https://github.com/rhanzawa,19.0,1.0,19.0,4.0,0.0,0.0,2271.0,0
CSturzaker,https://github.com/CSturzaker,2.0,0.0,0.0,12.0,1.0,0.0,15993.0,0
GanbareKen,https://github.com/GanbareKen,0.0,0.0,0.0,1.0,0.0,1.0,48.0,0
FreeKi11,https://github.com/FreeKi11,0.0,1.0,0.0,1.0,0.0,0.0,0.0,0
pelzuk,https://github.com/pelzuk,1.0,1.0,1.0,0.0,0.0,0.0,0.0,0
grjunbergs,https://github.com/grjunbergs,0.0,0.0,0.0,0.0,0.0,0.0,0.0,0
Jbartsch,https://github.com/Jbartsch,11.0,34.0,0.3235294117647059,29.0,2.0,1.0,347616.0,0
ieatacid,https://github.com/ieatacid,11.0,1.0,11.0,23.0,0.0,42.0,671885.0,0
kld4024,https://github.com/kld4024,0.0,0.0,0.0,0.0,0.0,0.0,0.0,0
Rimander,https://github.com/Rimander,11.0,12.0,0.9166666666666666,4.0,11.0,2.0,10416.0,0
kenosan,https://github.com/kenosan,6.0,9.0,0.6666666666666666,1.0,0.0,1.0,96.0,0
hasan12388,https://github.com/hasan12388,0.0,0.0,0.0,0.0,0.0,0.0,0.0,0
praveenv-zz,https://github.com/praveenv-zz,0.0,0.0,0.0,0.0,0.0,0.0,0.0,0
abagheri,https://github.com/abagheri,0.0,0.0,0.0,0.0,0.0,0.0,0.0,0
awhite92,https://github.com/awhite92,12.0,11.0,1.0909090909090908,5.0,693.0,1.0,5053.0,0
PlusOneManagement,https://github.com/PlusOneManagement,2.0,0.0,0.0,1.0,0.0,0.0,180.0,0
vmiddela,https://github.com/vmiddela,0.0,0.0,0.0,0.0,0.0,0.0,0.0,0
WestLangley,https://github.com/WestLangley,320.0,0.0,0.0,1.0,154.0,21.0,1339359.0,0
abdoaha,https://github.com/abdoaha,0.0,0.0,0.0,0.0,0.0,0.0,0.0,0
achliopa,https://github.com/achliopa,18.0,8.0,2.25,75.0,0.0,7.0,112491.0,0
asonwani,https://github.com/asonwani,0.0,0.0,0.0,0.0,0.0,0.0,0.0,0
blc-teamcity,https://github.com/blc-teamcity,0.0,0.0,0.0,0.0,0.0,0.0,0.0,0
jgraber,https://github.com/jgraber,15.0,7.0,2.142857142857143,29.0,385.0,61.0,274983.0,0
mitesh-patel,https://github.com/mitesh-patel,0.0,0.0,0.0,0.0,0.0,0.0,0.0,0
adamelevate,https://github.com/adamelevate,10.0,0.0,0.0,11.0,2.0,2.0,146593.0,0
jitendratheta,https://github.com/jitendratheta,3.0,5.0,0.6,35.0,2.0,1.0,3349589.0,0
rickross365,https://github.com/rickross365,0.0,0.0,0.0,0.0,0.0,0.0,0.0,0
rbdiang,https://github.com/rbdiang,0.0,0.0,0.0,7.0,1.0,26.0,215650.0,0
thedyerman,https://github.com/thedyerman,0.0,3.0,0.0,1.0,0.0,0.0,5.0,0
velchamy-personal,https://github.com/velchamy-personal,0.0,0.0,0.0,0.0,0.0,0.0,0.0,0
koopatroopa,https://github.com/koopatroopa,0.0,0.0,0.0,0.0,0.0,0.0,0.0,0
dandeckr,https://github.com/dandeckr,17.0,3.0,5.666666666666667,0.0,0.0,0.0,0.0,0
mattypreston,https://github.com/mattypreston,2.0,4.0,0.5,4.0,0.0,2.0,3043.0,0
bastaware,https://github.com/bastaware,1.0,5.0,0.2,18.0,5.0,0.0,993481.0,0
mparsons1980,https://github.com/mparsons1980,0.0,0.0,0.0,0.0,0.0,0.0,0.0,0
marceloamendola,https://github.com/marceloamendola,1.0,0.0,0.0,2.0,0.0,0.0,3244.0,0
myytyler,https://github.com/myytyler,0.0,0.0,0.0,1.0,0.0,1.0,48.0,0
ULazdins,https://github.com/ULazdins,15.0,7.0,2.142857142857143,15.0,6.0,11.0,39768.0,0
TRACCSOLUTIONS,https://github.com/TRACCSOLUTIONS,6.0,2.0,3.0,2.0,0.0,2.0,153.0,0
borysiasty,https://github.com/borysiasty,42.0,7.0,6.0,15.0,62.0,55.0,3764796.0,0
allabell,https://github.com/allabell,0.0,0.0,0.0,0.0,0.0,0.0,0.0,0
edboo57,https://github.com/edboo57,0.0,0.0,0.0,0.0,0.0,0.0,0.0,0
oogleplus,https://github.com/oogleplus,0.0,0.0,0.0,1.0,0.0,1.0,48.0,0
bcisgit,https://github.com/bcisgit,1.0,0.0,0.0,0.0,0.0,0.0,0.0,0
ajs-dy,https://github.com/ajs-dy,0.0,0.0,0.0,0.0,0.0,0.0,0.0,0
AppleMonkey,https://github.com/AppleMonkey,0.0,0.0,0.0,2.0,0.0,0.0,287.0,0
Bellareiki3,https://github.com/Bellareiki3,0.0,1.0,0.0,0.0,0.0,0.0,0.0,0
soehalim,https://github.com/soehalim,0.0,0.0,0.0,0.0,0.0,0.0,0.0,0
sanikumar,https://github.com/sanikumar,26.0,15.0,1.7333333333333334,95.0,20.0,0.0,112922.0,0
coolecelt,https://github.com/coolecelt,1.0,0.0,0.0,1.0,0.0,0.0,0.0,0
RNAer,https://github.com/RNAer,22.0,3.0,7.333333333333333,35.0,20.0,14.0,694950.0,0
mad4linux,https://github.com/mad4linux,2.0,6.0,0.3333333333333333,3.0,0.0,1.0,667.0,0
patriksimek,https://github.com/patriksimek,170.0,6.0,28.33333333333333,44.0,152.0,116.0,198516.0,0
admmssy,https://github.com/admmssy,1.0,1.0,1.0,3.0,0.0,2.0,8390.0,0
charlespytter,https://github.com/charlespytter,0.0,0.0,0.0,0.0,0.0,0.0,0.0,0
grazia69mbs,https://github.com/grazia69mbs,0.0,0.0,0.0,0.0,0.0,0.0,0.0,0
tylerworks,https://github.com/tylerworks,0.0,0.0,0.0,0.0,0.0,0.0,0.0,0
erht,https://github.com/erht,0.0,0.0,0.0,2.0,98.0,0.0,66.0,0
cromwell-enage,https://github.com/cromwell-enage,0.0,0.0,0.0,1.0,0.0,0.0,0.0,0
andrewjleavitt,https://github.com/andrewjleavitt,1.0,0.0,0.0,37.0,479.0,4.0,18780.0,0
ssyr,https://github.com/ssyr,0.0,0.0,0.0,3.0,0.0,1.0,176716.0,0
doorsteps,https://github.com/doorsteps,0.0,0.0,0.0,3.0,0.0,0.0,341.0,0
ethicalvats,https://github.com/ethicalvats,5.0,6.0,0.8333333333333334,38.0,8.0,2.0,424786.0,0
rupps,https://github.com/rupps,0.0,0.0,0.0,0.0,0.0,0.0,0.0,0
twomz,https://github.com/twomz,0.0,0.0,0.0,1.0,0.0,0.0,177.0,0
Lconsentino,https://github.com/Lconsentino,0.0,0.0,0.0,0.0,0.0,0.0,0.0,0
pivotal-abc,https://github.com/pivotal-abc,0.0,0.0,0.0,0.0,0.0,0.0,0.0,0
kraker006,https://github.com/kraker006,0.0,0.0,0.0,0.0,0.0,0.0,0.0,0
FvdL,https://github.com/FvdL,0.0,0.0,0.0,0.0,0.0,0.0,0.0,0
nud3lz,https://github.com/nud3lz,7.0,2.0,3.5,1.0,0.0,2.0,132.0,0
renwoox,https://github.com/renwoox,14.0,19.0,0.7368421052631579,224.0,0.0,0.0,1142396.0,0
owensdre,https://github.com/owensdre,0.0,0.0,0.0,0.0,0.0,0.0,0.0,0
scrollins,https://github.com/scrollins,3.0,0.0,0.0,1.0,0.0,0.0,180.0,0
Xmaxmix,https://github.com/Xmaxmix,0.0,0.0,0.0,2.0,0.0,0.0,4896.0,0
cbpeters,https://github.com/cbpeters,2.0,0.0,0.0,14.0,2.0,0.0,193215.0,0
vkorenev,https://github.com/vkorenev,8.0,22.0,0.3636363636363636,26.0,2.0,6.0,231675.0,0
k1ke,https://github.com/k1ke,0.0,2.0,0.0,2.0,0.0,0.0,1619.0,0
hermanccw,https://github.com/hermanccw,0.0,2.0,0.0,31.0,0.0,3.0,95656.0,0
stackable-zz,https://github.com/stackable-zz,0.0,0.0,0.0,0.0,0.0,0.0,0.0,0
andres89,https://github.com/andres89,0.0,0.0,0.0,0.0,0.0,0.0,0.0,0
mctolentino,https://github.com/mctolentino,2.0,7.0,0.2857142857142857,49.0,0.0,2.0,77524.0,0
trab567,https://github.com/trab567,0.0,0.0,0.0,0.0,0.0,0.0,0.0,0
ayoubice,https://github.com/ayoubice,3.0,10.0,0.3,16.0,313.0,0.0,219556.0,0
pabloxz,https://github.com/pabloxz,0.0,0.0,0.0,0.0,0.0,0.0,0.0,0
eXtenZy,https://github.com/eXtenZy,2.0,1.0,2.0,12.0,2.0,2.0,168338.0,0
SteveJRice,https://github.com/SteveJRice,0.0,0.0,0.0,2.0,0.0,0.0,87.0,0
Kingkb24,https://github.com/Kingkb24,0.0,0.0,0.0,1.0,0.0,1.0,48.0,0
Juaquin,https://github.com/Juaquin,0.0,0.0,0.0,0.0,0.0,0.0,0.0,0
jactiveresource,https://github.com/jactiveresource,0.0,0.0,0.0,1.0,0.0,2.0,3748.0,0
zacadams,https://github.com/zacadams,0.0,0.0,0.0,1.0,0.0,1.0,2756.0,0
alexlyn,https://github.com/alexlyn,0.0,0.0,0.0,11.0,0.0,0.0,1974926.0,0
jcuz11,https://github.com/jcuz11,0.0,0.0,0.0,5.0,0.0,0.0,13584.0,0
po0ya,https://github.com/po0ya,40.0,34.0,1.1764705882352942,21.0,1352.0,67.0,362747.0,0
chintanthakkar,https://github.com/chintanthakkar,0.0,0.0,0.0,2.0,0.0,1.0,740012.0,0
caribert,https://github.com/caribert,0.0,0.0,0.0,1.0,0.0,1.0,1217.0,0
tdsullivan,https://github.com/tdsullivan,0.0,1.0,0.0,1.0,0.0,0.0,204.0,0
redmaxim,https://github.com/redmaxim,0.0,0.0,0.0,0.0,0.0,0.0,0.0,0
fserve,https://github.com/fserve,11.0,10.0,1.1,56.0,0.0,0.0,892847.0,0
Stopbrein,https://github.com/Stopbrein,0.0,0.0,0.0,1.0,0.0,0.0,7670.0,0
shazami,https://github.com/shazami,0.0,0.0,0.0,2.0,0.0,3.0,642.0,0
qcynthia,https://github.com/qcynthia,0.0,0.0,0.0,1.0,0.0,0.0,0.0,0
g00gol,https://github.com/g00gol,36.0,19.0,1.894736842105263,29.0,246.0,21.0,90830.0,0
ouckah,https://github.com/ouckah,247.0,51.0,4.8431372549019605,33.0,1057.0,29.0,79705.0,0
BarnattW,https://github.com/BarnattW,3.0,0.0,0.0,8.0,115.0,4.0,66275.0,0
ezrizhu,https://github.com/ezrizhu,169.0,222.0,0.7612612612612613,47.0,820.0,8.0,346750.0,0
gcarvellas,https://github.com/gcarvellas,19.0,29.0,0.6551724137931034,16.0,611.0,0.0,36046.0,0
nad2040,https://github.com/nad2040,29.0,51.0,0.5686274509803921,20.0,248.0,1.0,34363.0,0
BritneyYang,https://github.com/BritneyYang,5.0,6.0,0.8333333333333334,1.0,100.0,0.0,201348.0,0
yjiang0805,https://github.com/yjiang0805,3.0,1.0,3.0,10.0,124.0,0.0,387568.0,0
harrywang678,https://github.com/harrywang678,0.0,1.0,0.0,9.0,46.0,0.0,131630.0,0
21dhruvp,https://github.com/21dhruvp,12.0,26.0,0.46153846153846156,7.0,128.0,1.0,1142385.0,0
sethbarrett50,https://github.com/sethbarrett50,19.0,29.0,0.6551724137931034,16.0,90.0,7.0,22434.0,0
hoschmidt2020,https://github.com/hoschmidt2020,7.0,1.0,7.0,5.0,23.0,5.0,4474.0,0
kevinthuhstink,https://github.com/kevinthuhstink,5.0,5.0,1.0,1.0,260.0,0.0,105.0,0
KevinHa48,https://github.com/KevinHa48,25.0,28.0,0.8928571428571429,25.0,8.0,10.0,342653.0,0
william-arachelian,https://github.com/william-arachelian,2.0,0.0,0.0,10.0,109.0,1.0,220717.0,0
